username,first_name,last_name,dob,pan,education,capital,income,debt,interest,credit_score,repayment
scelerisque@auctornuncnulla.net,Winifred,Blackwell,93-12-19,GBECV33995,4,602729,34249,89149,6,895,Yes
laoreet.libero.et@interdumCurabitur.co.uk,Jeremy,Reynolds,94-12-21,ZVUJC43208,3,522962,31198,22102,4,734,No
ante.lectus@Loremipsum.net,Sophia,Bullock,58-03-11,FJTQA45048,5,384327,77698,57339,9,413,No
purus.Nullam@aliquamadipiscinglacus.net,Bethany,Stanton,73-05-31,UYJIV91565,4,245708,72072,32324,7,820,Yes
et.arcu.imperdiet@utnisia.edu,Phoebe,Edwards,86-03-06,OKFER10062,1,377158,66298,33749,4,372,No
quis.arcu@enimnon.ca,Declan,Tillman,85-03-23,CQZDJ29244,2,714939,28221,57314,10,328,Yes
Donec@parturientmontesnascetur.edu,Hilel,Brock,80-04-01,HHLFG23363,4,415774,22941,44601,7,643,No
Mauris.magna@nuncQuisque.net,Elmo,Nicholson,65-12-27,LUKEW10096,3,510738,59326,25717,8,921,No
rutrum.urna.nec@mattisInteger.net,Cedric,Nichols,93-12-08,VANAP70868,5,684542,33721,44988,6,572,No
velit.Aliquam@ornare.co.uk,Jade,Rasmussen,82-01-28,OZGRS34139,4,984196,77264,61250,3,665,Yes
Morbi@aaliquet.edu,Samuel,Stewart,94-05-02,XYTTT73926,2,763182,97235,79773,6,507,Yes
nec.tellus.Nunc@nibh.com,Geraldine,Whitehead,78-04-02,TOYKT25546,5,580733,96525,89751,3,986,Yes
lectus.a.sollicitudin@ultricesaauctor.net,Lionel,Guerra,69-02-13,OICPC39575,2,886791,76283,94003,5,523,Yes
ac.metus.vitae@fringillaornare.net,Hilary,Owens,58-03-27,GCQJL57682,1,949845,78931,27369,9,311,No
dolor.quam@massa.co.uk,Amy,Osborne,69-12-12,LXQKQ94045,2,987156,28228,43799,7,871,No
Praesent.eu@magna.edu,Josephine,Vaughn,68-04-13,LCNVO66829,3,495129,83700,71630,10,582,No
magna.Duis@sit.edu,Diana,Swanson,65-07-21,QRETD29626,4,242373,98756,77720,6,595,No
Aenean.euismod@nuncsit.co.uk,Christopher,Mccray,85-01-17,ASDXY23445,5,590535,41243,68573,6,564,Yes
faucibus.ut.nulla@amet.edu,Kiara,Coleman,57-11-07,CFHKY58213,5,349341,28214,16939,4,919,No
eu@mollisPhasellus.com,Reuben,Bailey,67-03-01,MYFXK01302,3,734723,91533,32734,10,661,No
egestas.lacinia@eleifendCrassed.org,Jocelyn,Hull,58-03-03,EGADY68340,4,374237,36693,72743,4,257,Yes
aliquet.diam.Sed@arcuSed.com,Daniel,Blankenship,57-03-06,GWUQK35653,2,559255,41421,30056,8,946,Yes
pellentesque.Sed@consequatdolorvitae.co.uk,Otto,Salazar,78-10-29,BBBJS56636,1,168626,36163,26626,7,677,No
lectus.ante@dolorvitaedolor.org,Jemima,Pugh,72-12-05,XUIRF22207,1,986149,60988,54884,7,789,Yes
sit.amet@ac.co.uk,Fritz,Mullins,76-02-25,ZIZSU51397,3,755391,17231,94527,9,558,Yes
tellus.Aenean.egestas@utipsum.edu,Victor,Herman,51-08-22,BMLIO02480,4,544054,13294,27433,5,986,No
Phasellus@faucibuslectusa.net,Celeste,Lara,98-09-21,QGEEJ30611,1,647928,87248,48982,3,780,No
elit@lectus.edu,Jessamine,Olson,64-12-07,WZQWD39103,4,180840,31054,39676,9,299,Yes
arcu.Curabitur@egetdictum.net,Eugenia,England,87-11-08,IKOUJ35268,1,693088,49901,52106,4,978,No
lobortis.ultrices.Vivamus@rutrum.com,Elmo,Cain,53-04-21,EBDGA45330,4,438176,10011,11045,10,923,Yes
semper.dui.lectus@tempuseuligula.co.uk,Nicole,Richard,53-07-10,XYMAO56946,4,638989,15077,55633,6,749,Yes
inceptos.hymenaeos@acfeugiat.net,Maile,Knox,73-03-27,GDOVG58593,5,666408,73337,45499,3,812,No
magna@loremluctus.co.uk,Levi,Maynard,60-05-31,NIFPR01183,4,884872,78509,35264,10,248,No
Phasellus.libero.mauris@egetdictumplacerat.edu,Caryn,Olsen,75-10-15,GGLRN11588,1,566285,72308,92755,10,994,No
sapien@Ut.co.uk,Rogan,Dale,86-02-01,EESMJ81187,3,645387,19236,66962,7,121,No
pede@a.net,Scott,Wilder,61-06-05,FRGGU95820,2,522183,99093,59661,8,361,No
odio@sempertellus.ca,Noelani,Armstrong,81-07-10,VBEGQ09510,1,994715,25374,46541,7,742,Yes
Duis.dignissim@at.ca,Cecilia,Faulkner,58-01-03,PIAVR07961,2,481845,15959,43325,8,849,No
lorem.vehicula.et@volutpat.ca,Eaton,Rogers,82-03-26,ULFIG39637,5,107078,17010,26525,8,647,No
Quisque.libero@velit.org,Walter,Lara,99-07-03,NLZSB57185,2,564697,62930,91456,4,226,No
Aliquam.rutrum.lorem@Namac.edu,Naomi,Bowen,88-12-18,LOHJA43145,1,322302,35756,10231,6,194,Yes
Donec@scelerisque.com,Nola,Mcknight,84-04-18,TYHWJ71523,1,164712,79421,45297,6,784,Yes
lorem.vitae@Phasellusvitae.org,Mollie,Blackwell,73-08-30,AWYKI20515,3,873610,78772,93126,8,440,No
scelerisque.lorem@etrisusQuisque.co.uk,Fletcher,James,86-05-04,EJVBJ26092,1,933547,54835,72452,6,415,Yes
Aenean.gravida@sagittisDuis.net,Ginger,Hickman,55-11-15,IVZGR28589,1,743572,82832,73918,3,102,No
eget.varius.ultrices@aliquet.org,Helen,Nguyen,65-04-11,NMGVI92497,3,804620,49274,37439,5,294,Yes
vitae@inhendreritconsectetuer.co.uk,Cherokee,Acevedo,92-10-21,DQKUX83235,3,845826,56013,34253,3,257,Yes
sagittis.Duis.gravida@netuset.org,Emerson,Forbes,69-12-08,MKVDL35445,5,375749,92613,84004,7,733,Yes
eleifend.nunc.risus@montes.co.uk,Beatrice,Daniels,95-01-03,YLMNW39735,2,132358,57837,79347,10,858,Yes
facilisis@actellusSuspendisse.com,Aiko,Willis,55-10-23,INZWH56836,3,104108,62847,79488,4,751,No
feugiat.metus.sit@tellusfaucibusleo.com,Florence,Weeks,66-10-09,QDEEO82866,1,615282,92719,16726,6,619,No
nec.mollis@Proinvel.org,Carol,Emerson,75-05-04,BHOLJ48257,2,703973,71450,59854,4,805,No
auctor@semper.net,Ishmael,Floyd,86-12-13,TAXUF22766,2,890945,63855,51894,7,803,Yes
tristique@suscipitest.org,Rhoda,Dillon,67-11-29,FMXWS10599,4,522160,97957,99624,5,316,No
sapien.Nunc@Vivamusrhoncus.org,Rooney,Mayer,85-10-01,KYYDB23469,1,150518,28978,41241,7,511,Yes
tellus.id.nunc@egestashendreritneque.com,Herman,Dean,90-07-12,EAXYD09639,5,310417,63603,97554,3,259,No
metus@rhoncusProin.net,Sophia,Cunningham,57-07-11,KJZDS59331,3,538310,48997,34182,10,970,No
Integer@nislQuisquefringilla.co.uk,Cullen,Ellison,80-01-18,ZXJWX26316,2,131149,91060,81849,7,350,Yes
enim.gravida.sit@sitametmassa.ca,Carol,Forbes,56-12-25,AZZYB05680,2,811256,52283,27843,3,641,Yes
urna.Ut@arcuCurabitur.ca,Nomlanga,King,79-12-15,GVETB62339,3,202450,34227,88970,8,675,Yes
fermentum@Cras.ca,Octavia,Dyer,79-10-10,CYAHX21579,5,906981,62611,60761,9,735,Yes
laoreet.posuere@magnaSed.org,Zenaida,Fischer,54-07-18,UDKVB94131,5,558245,89671,76374,5,544,Yes
in@est.org,Mannix,Chaney,98-07-30,RLBFH68041,3,260250,25663,70986,5,645,Yes
ad@non.org,Keaton,Barrera,91-01-10,TTMHD52015,3,145581,44677,54357,6,596,Yes
euismod@felisorciadipiscing.ca,Nehru,Bray,94-10-17,GNUVU59393,1,310381,90288,15525,3,198,Yes
accumsan.sed@nequetellus.edu,Kameko,Donovan,92-07-10,YIVMB08422,2,932220,50272,39537,10,171,Yes
at.egestas.a@Loremipsum.edu,Gillian,Compton,95-07-29,UCNYN62335,4,639375,53463,61190,9,728,Yes
Phasellus@Maurismolestie.co.uk,Judah,Mcgowan,90-04-20,EMHMV97851,2,611150,54529,22613,7,247,No
dictum@turpis.org,Howard,Hooper,75-10-14,NOYOZ22277,2,557260,20043,77665,8,114,Yes
non.feugiat.nec@tinciduntaliquamarcu.co.uk,Jonah,Bradley,50-01-31,FFGBU89660,3,627761,20182,16724,4,153,Yes
nisi.magna@pellentesque.net,Oleg,Meyers,91-09-10,DMBQB60057,5,528530,11365,40985,10,227,No
convallis.dolor.Quisque@pedeCrasvulputate.edu,Kylee,Bradley,55-11-25,BPKOS63432,2,258140,21855,61583,7,321,No
enim@ultricesa.org,Mark,Combs,55-03-11,KWTYS06940,4,431103,41415,18763,8,613,No
vitae@ipsumdolorsit.ca,Sigourney,Landry,53-04-08,EWIGM74538,4,650834,64769,37895,6,571,No
arcu.eu@Duis.net,Burke,Vang,53-06-09,UMGUK10196,4,387013,85681,63685,8,319,No
laoreet.posuere@iaculislacus.ca,Ryan,Velazquez,82-07-20,VWHXV52235,5,824812,53768,17507,9,326,No
quam.dignissim@utipsum.edu,Curran,Castro,70-10-20,RLVJU76651,3,995431,23946,53745,10,437,No
Aliquam@nibhAliquamornare.net,Sawyer,Beach,76-11-27,OBYMO34985,5,579118,52368,31321,4,160,No
ipsum.Curabitur@seddolor.co.uk,Roth,Elliott,67-11-22,LWMJX21957,3,522776,16920,16085,6,506,Yes
sodales.nisi@vitaealiquet.ca,Joelle,Burke,76-05-19,OMYDR45168,2,789942,67072,47662,10,514,Yes
vulputate@mollisnoncursus.com,Samson,Dean,77-11-27,BPQRI11187,4,101789,14423,64432,10,140,Yes
augue.ac@augueeutempor.ca,Cole,Rowland,78-11-09,XQGDY48489,3,857827,76350,87178,7,151,No
non.massa@semperegestasurna.com,Lynn,Kelley,95-04-14,EUIHV70413,5,991895,26541,72088,5,747,No
interdum.libero@dapibusidblandit.edu,Dara,Blankenship,57-05-01,CGGMZ56798,3,724412,43083,67876,4,733,No
Nam.porttitor@pedenonummyut.ca,Ashton,Herman,89-10-25,UZBJI64942,3,434133,42124,12741,8,585,Yes
augue@temporaugue.com,Eric,Allen,81-08-17,VEOLM73836,4,586453,57605,53320,8,423,Yes
pede.nonummy@tinciduntduiaugue.edu,Clark,Palmer,61-05-01,LZNCY54723,5,728627,58610,98851,7,942,Yes
libero.mauris@ac.com,Tamekah,Lynch,75-11-27,LLEDO03407,1,339136,67353,38695,7,633,Yes
in@tellusjustosit.net,Neville,Oliver,60-02-14,NTKOH92609,5,976171,76490,48679,5,902,Yes
arcu.eu.odio@nondapibus.org,Zena,Oneal,76-09-30,KOEEF20868,3,733871,31204,13626,3,767,Yes
mi.enim.condimentum@rutrum.org,Tatum,Hester,96-01-21,DKSFT76613,1,403671,34905,64281,6,839,Yes
Donec.egestas.Duis@dictumcursusNunc.org,Aretha,Moody,68-05-02,FZGTV80353,5,242836,52223,60286,6,973,Yes
ante@Curabiturvel.com,Quinn,Woodard,79-06-03,QYWXF51693,5,922569,14669,69137,9,957,Yes
purus@Phasellusdapibusquam.org,Fletcher,Glenn,88-05-15,CQZTI91517,1,935167,48936,66617,5,799,No
ultrices.Duis.volutpat@acmi.ca,Guinevere,Cross,68-12-13,YYEQF19291,3,367285,85457,25786,8,646,No
luctus.vulputate@nuncullamcorper.net,Sarah,Jarvis,65-07-11,GVTWI03462,2,249719,90972,95093,10,782,Yes
lacus.Aliquam@consectetueripsum.org,Indigo,Dudley,80-07-31,JGSCW91339,3,401115,69356,59438,8,159,Yes
In.ornare.sagittis@sed.com,Walter,Fields,68-07-16,YCBPD70562,2,386730,27016,15460,9,849,No
lobortis@ligulaconsectetuerrhoncus.edu,Gavin,Delgado,69-02-07,AYZPS41542,1,965604,53967,32864,3,402,No
id.ante.Nunc@nisl.co.uk,Adara,Yang,84-11-12,JIPLC97827,1,160362,86965,36348,6,167,Yes
neque.tellus.imperdiet@aliquet.net,Elmo,Douglas,69-05-02,NKGVK30290,2,842659,68875,39383,5,354,Yes
erat.Vivamus@ante.net,Garrett,Tate,67-07-05,XCQLC77468,4,503071,73105,17825,10,883,Yes
non.feugiat@vitaesodalesat.org,Abel,Holland,78-04-10,QEOSR85425,4,667074,24457,85802,9,874,Yes
Nulla.tincidunt.neque@massa.com,Emerald,Peck,68-02-19,BORBY16764,5,804510,30952,58897,8,259,Yes
Nunc@blanditNam.co.uk,Tanya,Puckett,97-11-26,EJSXY63512,1,923139,61297,81651,4,456,No
Proin.non@sedlibero.co.uk,Shana,Buckley,99-03-04,EONZP95279,5,958786,10390,37694,10,198,No
blandit@auctorodio.net,Candice,Head,65-05-23,IULEO15387,5,594923,43093,30581,5,896,No
ipsum.nunc.id@urnaUttincidunt.com,Xavier,Morales,63-07-23,CSWAY82954,5,378646,79507,88786,4,314,Yes
nec.orci@orci.org,Channing,Kidd,71-05-22,MUKUW29205,5,104280,38912,84694,5,543,Yes
orci@egestasFuscealiquet.co.uk,Haviva,Baker,87-04-04,AVSCV33337,4,339087,79407,20506,3,113,Yes
ut.eros@atauctor.ca,Austin,Hogan,78-06-27,PNNSZ81591,1,308283,78334,22054,3,316,Yes
cursus.et.eros@loremsitamet.edu,Quincy,Morrow,74-05-04,YMCBL24749,5,953968,63019,31006,4,508,Yes
semper@id.edu,Jameson,Anthony,53-06-07,ZSIXK01737,3,329929,38751,60259,9,929,No
auctor@pharetraut.ca,Bree,Russell,75-11-29,PEJDF36856,3,223242,42667,96373,10,725,No
facilisis@pedenonummyut.co.uk,Kareem,Newman,89-06-08,AYITK43243,3,288653,84782,95142,8,407,Yes
In.ornare@semperNamtempor.ca,Ashton,Gross,72-12-25,TSCSG04314,3,689807,49147,51494,6,310,Yes
ac.eleifend.vitae@a.net,Chase,Harrison,83-10-04,XMNIP03506,2,942020,14286,86597,5,304,Yes
Suspendisse.sed@hendreritDonec.net,Kalia,Cunningham,80-06-10,GZKYB94546,2,571536,88254,16902,9,660,Yes
in@vitaeposuere.ca,Kellie,Ray,66-07-19,LXGFO21777,3,396501,58817,43481,7,293,Yes
tincidunt.tempus@perconubianostra.org,Miriam,Whitley,88-03-17,NYIJA50884,5,941252,26380,96426,7,274,Yes
dui.Fusce@Aliquamfringillacursus.org,Ciaran,Joyner,60-10-03,LKJEV57206,2,977706,97551,82597,8,368,Yes
justo.Proin.non@conubianostraper.com,Zachary,Cantrell,92-04-09,FAPEE35611,4,639831,31860,56840,7,766,Yes
ac.tellus@sitametluctus.net,Kennan,Cole,52-11-21,ATVRQ86844,3,510859,43005,93347,6,755,Yes
Mauris.molestie@erat.ca,Renee,Cantrell,98-09-10,OOHSM10494,2,915838,23176,39708,4,511,No
mi@nibhvulputatemauris.org,Gage,Vazquez,74-01-12,CERMD08472,2,407293,69118,59194,7,849,No
lacus.Nulla@fringilla.co.uk,Dominic,Duncan,69-03-27,IKABB47605,5,767475,88360,14673,4,724,No
a.neque.Nullam@mitemporlorem.net,Guinevere,Landry,66-09-10,HNYBG26241,5,153095,74238,17379,10,773,No
Aenean.egestas.hendrerit@quisurna.edu,Gisela,Kidd,54-07-28,JUCVS61605,1,969284,36366,27755,3,810,Yes
ultricies@at.co.uk,Aurelia,Sweeney,56-04-18,JEOBB72091,1,492884,40557,85477,10,343,No
In.faucibus.Morbi@auctorveliteget.ca,Adena,Alvarez,86-10-12,RDCZA78630,4,888586,84464,23620,5,461,No
pellentesque@hendreritnequeIn.edu,Travis,Bernard,54-01-17,TEIIM62662,2,379978,80383,36143,3,376,No
diam@convallisin.co.uk,Arsenio,Stanton,63-12-10,DFDVM26433,5,316309,46038,58848,3,280,No
vestibulum.nec@tristiqueac.com,Lillian,Alford,54-12-29,GXOWN57979,5,650207,53475,27656,3,535,No
Aenean.eget@pedeultricesa.org,Eaton,Hickman,88-04-01,GRFRO35319,5,714430,17856,14085,8,387,No
et@etpedeNunc.edu,Genevieve,Camacho,75-02-10,ZTYPH34355,1,858383,82691,92430,10,916,No
Vivamus@dolordapibus.ca,Kerry,Travis,82-10-08,OTJOK21907,1,817458,16823,43493,7,752,No
commodo.at.libero@Curabiturvellectus.com,Dean,Gill,69-05-02,CKBXE70736,4,215764,36362,21118,5,217,No
Lorem@Sed.org,Maisie,Mendez,83-07-13,LFYME56675,5,845393,38272,39674,5,240,No
montes.nascetur.ridiculus@egestas.com,Angelica,Gregory,96-08-20,AZYSD84620,2,629117,18469,90608,5,344,Yes
risus.at@mauriseu.com,Denton,Barr,80-04-02,PERVK94431,1,820328,89703,49200,3,450,No
mi.fringilla.mi@enimEtiam.edu,Octavia,Kelley,64-09-28,BYIAC39535,1,859433,55211,73759,3,761,No
sit@nuncIn.com,Winifred,Pierce,65-05-05,VISAD59338,4,198052,87727,53808,3,123,Yes
metus.eu@duiCum.co.uk,Erich,Shaffer,71-05-03,NEKUE98637,4,210641,77187,68423,4,315,No
sit.amet@tortorNunc.net,Bert,Cochran,99-05-04,SHJTW21480,4,200388,19759,92147,9,233,No
odio.sagittis@idliberoDonec.edu,Buckminster,Chavez,72-09-23,JCGVL54544,1,719345,57870,34327,4,400,No
ac@dolorsitamet.ca,Hedy,Steele,87-08-09,JPTNJ16124,5,571642,61329,70903,8,983,No
fringilla@arcu.net,Aphrodite,Deleon,66-07-13,ORYOO50268,1,232659,22287,15439,3,691,Yes
odio.Aliquam@Vestibulumante.com,Amir,Hicks,89-04-02,SVHZJ32477,3,421173,81516,69661,7,392,Yes
ullamcorper@nuncIn.ca,Allen,Kemp,85-03-20,KESAK57866,5,602865,40974,74293,8,277,No
habitant.morbi@NulladignissimMaecenas.ca,Allistair,Fuentes,55-05-04,HSWZT85537,4,831446,67051,92643,8,973,Yes
iaculis.lacus@ridiculus.net,Kimberly,Reid,52-02-12,NGCAX38157,4,789809,23062,85465,10,168,Yes
risus.Nulla@nibhlaciniaorci.edu,Simone,Bray,99-04-16,IZMDW31059,1,915060,23173,78009,5,961,No
Nulla.tincidunt@mattisCraseget.org,Zorita,Atkins,66-07-18,GEGMZ69536,3,441714,86569,67259,7,536,Yes
elit.a.feugiat@sitamet.org,Ocean,Martin,67-07-17,QPJKK10735,4,171118,79538,78557,8,455,No
mollis@orci.com,Nigel,Hatfield,91-02-08,OQJBU17512,3,968111,85301,27925,7,365,Yes
eu.sem.Pellentesque@dui.ca,Illiana,Sharp,79-04-15,ACXBL48533,4,455962,20946,26323,7,790,Yes
fermentum.arcu@tortor.org,Silas,Luna,97-04-27,JIMNT94820,1,473881,71150,71635,5,553,Yes
eu.nulla@vitaesemper.edu,Kaden,Wilkinson,87-05-07,LNFMP26033,3,912212,44798,94357,6,799,Yes
in.molestie.tortor@pede.org,Tiger,Mann,73-07-31,BBQIJ59294,5,825986,84663,16813,4,795,Yes
metus@cursus.net,Uma,Ramos,55-08-22,CJDFR10144,4,667186,99052,92233,7,835,Yes
ipsum.sodales.purus@interdumenimnon.ca,Vincent,Powers,66-05-30,QJPXX65023,3,135499,36503,26917,7,929,No
Vivamus.rhoncus@nisidictumaugue.net,Hedley,Delacruz,65-04-09,EZAOW34021,5,837763,33858,51606,9,715,No
dui.Cum.sociis@tristique.net,Rhiannon,Holland,64-06-25,JIZMO83407,4,802388,94131,17926,6,768,No
porttitor@arcueuodio.com,Elliott,Lester,75-06-15,LNGAL03104,4,364045,62109,13224,4,787,Yes
nonummy.Fusce@posuere.co.uk,Lara,Fernandez,93-03-12,HMBAV94455,3,338113,28669,10063,7,399,No
mus@nisi.co.uk,Vera,Newton,62-09-21,MRRZZ60914,3,590893,42248,66633,7,345,No
et@famesacturpis.co.uk,Brielle,Ayers,77-12-30,KRVCH18899,5,400279,17148,62727,8,151,Yes
Proin.ultrices@augueac.com,Kerry,Mcfarland,67-11-13,VXFOZ80838,5,118710,48222,47473,3,190,No
luctus@elitpretium.com,Gage,Conley,60-10-15,XJOSI25251,4,286443,86209,40907,8,176,Yes
pellentesque.a@sitametmetus.edu,Jacob,Garza,59-06-28,ODUNO51606,4,935455,91754,79821,9,874,No
varius.ultrices@leoinlobortis.org,Boris,Dyer,66-06-19,MJDON50942,1,483501,58710,62965,9,165,Yes
Vivamus@mitemporlorem.com,Idona,Harmon,92-08-20,IMNRK15274,4,128588,20088,24039,3,383,No
Sed@justoeu.com,Jayme,Terrell,80-02-28,GPJEY66605,2,877879,89110,22940,4,359,No
amet.risus.Donec@magnaa.com,Rhonda,Rosales,66-03-05,CSXAB21699,3,672919,44439,32858,7,127,No
eget@dui.edu,Basil,Foreman,96-07-06,HGCPA26345,1,839680,32379,75952,4,998,Yes
Fusce.aliquet.magna@ligulaelit.co.uk,Eugenia,Cook,65-11-07,NRLZU54837,5,771884,96127,36335,9,555,Yes
elit.erat.vitae@tristiquealiquetPhasellus.co.uk,Mara,Morgan,50-02-02,SERSW28780,2,482442,15991,30114,4,556,No
vitae.velit.egestas@sit.edu,Shoshana,Collins,86-10-19,STIIF69584,4,123533,15106,56455,8,718,Yes
a.enim@magna.co.uk,Amity,Pope,50-08-01,ANHMV91784,4,262604,25365,56256,4,740,Yes
felis.ullamcorper.viverra@lacinia.edu,Cora,Lyons,63-12-02,LMVBL03365,4,267216,86389,21471,5,509,No
lectus.pede.ultrices@dolorsit.net,Judah,Everett,70-02-27,VSGBX59794,1,367840,93885,45032,10,321,No
amet.faucibus@magna.ca,Whitney,Avery,91-12-03,UKGYK78354,3,748253,13650,37678,9,455,No
Nunc@est.com,Neville,Morgan,64-01-14,XJFXI43757,2,286051,36645,81394,10,691,No
eu.turpis.Nulla@lacusEtiambibendum.org,Brendan,Anderson,61-02-09,NOUEV04809,1,666739,60048,86968,4,524,No
a.enim.Suspendisse@eratsemper.org,Cleo,Barker,85-08-31,JYQFQ76628,3,233008,84058,30678,7,919,No
tempus@semperauctor.co.uk,Eden,Faulkner,83-05-12,IWAMF75951,4,138694,86749,91519,10,188,Yes
in@augue.co.uk,Colby,King,66-11-23,KPCDU76374,2,900480,84493,94076,3,570,No
turpis.non@penatibusetmagnis.edu,Blaze,Downs,54-03-19,SZUJL03755,5,815937,69660,76919,3,211,Yes
elit@Pellentesquetincidunttempus.edu,Iola,Horton,77-10-31,DMKJW13687,5,866223,46326,10789,3,841,Yes
luctus.felis.purus@gravidaPraesent.com,Sonya,Ramirez,86-01-03,WPKPX80789,1,519305,77534,78497,3,905,Yes
enim@ante.org,Rahim,Tate,65-07-11,AHDFY11750,4,272029,35843,88220,9,918,No
convallis.convallis@rutrum.ca,Slade,Cunningham,63-10-27,RXECZ58351,1,890499,51099,87506,3,505,Yes
facilisis.facilisis@ut.edu,Brady,Grimes,58-01-21,RXQBP65590,3,610005,29526,65199,6,463,No
tempus@libero.net,Barry,Trujillo,84-04-09,MXWKO42129,2,716423,59799,61409,6,744,Yes
cursus.Integer@ut.ca,Hayley,Drake,80-06-24,VLHMX33184,2,736209,26483,73391,6,899,Yes
metus.In@luctus.com,Aurora,Garrett,91-03-22,DXKZL24570,1,319131,49528,83968,7,217,No
ullamcorper@non.com,Silas,Nieves,52-05-31,BVWQH28517,2,361543,15664,97948,4,823,Yes
ullamcorper.nisl@miAliquam.ca,Laura,Carr,96-01-27,RTXXR61013,5,821568,63630,52594,7,517,No
congue.elit.sed@orcilobortis.ca,Jonah,Hartman,62-04-29,TRQKT48114,2,647355,54054,46434,4,748,No
lacus@Sedid.co.uk,Tanya,Boyle,79-11-01,EKFXE64229,2,253894,62235,77621,9,720,No
Aliquam@leoVivamusnibh.ca,Hayden,Mcneil,54-03-03,DPERT68689,2,798999,80265,19298,9,867,No
Aliquam.fringilla.cursus@felispurus.com,Amber,Bryan,78-07-19,UCYPF73084,5,197875,11749,93713,10,402,Yes
odio.tristique@hendrerit.com,Olympia,Blackburn,66-03-26,BWXEP35206,1,829345,91990,89597,3,514,Yes
Cras@suscipit.com,Lane,Blankenship,84-02-15,JJVLC19505,1,820392,31936,88992,5,463,Yes
a.ultricies.adipiscing@aliquamenim.ca,Audra,Hensley,61-11-13,GFWGU37965,1,689022,54785,99975,5,188,No
dui.augue@at.net,Evan,Dodson,73-08-03,RKDDE20480,5,677092,98733,71944,3,331,Yes
ut.molestie@loremac.net,Avye,Mathews,77-07-24,MHPNQ25076,5,667551,30055,80311,7,947,No
Integer.vulputate.risus@dapibusligulaAliquam.com,Kirk,Hicks,82-01-07,KOFVQ94587,3,238297,11643,82468,7,918,Yes
nec.mollis.vitae@arcu.ca,Jolene,Norman,99-07-01,DUCED61101,2,979423,42875,21423,3,104,Yes
Vivamus@ipsum.edu,Wilma,Cole,61-10-28,GVGTJ33671,4,374950,13475,50176,7,165,No
ultrices@maurisrhoncusid.com,Dennis,Harris,73-01-22,YECSG73502,2,184817,14573,79962,7,764,Yes
id@tortoratrisus.edu,Brenda,Fitzpatrick,79-08-12,TARYY18780,1,490942,83688,60606,4,504,Yes
arcu.et@iaculis.com,Jonas,Kennedy,86-05-18,LROAF96155,5,396371,47570,31319,3,615,No
massa.Vestibulum.accumsan@sodalesatvelit.net,Herrod,Perkins,77-04-20,HIYDM10191,1,844274,83229,75498,4,706,No
magna@parturientmontesnascetur.net,Aphrodite,Fletcher,81-04-08,QSYUJ31507,5,853524,64822,24030,5,109,Yes
ipsum@sagittissemper.edu,Magee,Hudson,98-05-24,AFMOJ50320,4,673320,10229,30297,3,926,No
nunc.ullamcorper@infaucibusorci.co.uk,Pascale,Reed,57-08-04,RXMXX11802,1,143582,60426,20793,5,129,Yes
Integer.id@dictum.co.uk,Hedley,Baxter,67-05-20,JEAFJ79898,2,685888,48273,56676,4,981,No
volutpat.Nulla@etrisusQuisque.ca,Colt,Morrow,66-05-10,HMTRS50033,5,802174,66011,46952,8,873,No
turpis@ut.net,Carl,Cook,79-03-11,PTXKZ32819,2,247739,93195,82386,10,390,No
sem.magna@velvenenatisvel.ca,Sawyer,Lynn,63-06-05,NEOAF77308,5,141019,43372,44064,4,394,Yes
Integer.vitae.nibh@metus.co.uk,Serena,Savage,79-12-30,UMSBK70586,5,770957,11351,15019,8,349,Yes
at.libero.Morbi@nuncac.net,Kay,Hubbard,83-05-16,DOFVO18592,3,634458,90416,98544,3,158,Yes
ornare.lectus.ante@Nullamsuscipit.co.uk,Rhiannon,Slater,97-01-16,GLFAB61357,4,649361,39472,89834,5,466,Yes
ligula.consectetuer@dictumcursus.ca,Yen,Forbes,75-05-13,YZMPA76129,1,561435,75422,81344,4,704,No
Suspendisse.ac.metus@idenimCurabitur.edu,Craig,Frank,81-12-14,YMTDG42488,5,603092,11606,85760,4,188,No
vitae.velit@nequeIn.edu,Odysseus,Good,94-09-21,QNUJU77190,2,288664,20689,59960,10,973,No
dolor.vitae@gravidasagittis.ca,Kelly,Harmon,88-06-25,HUPTK59939,4,185435,22637,75909,7,618,Yes
orci.luctus@tortor.com,Hedwig,Armstrong,57-12-23,QWGKX77416,3,923798,61075,39170,9,355,Yes
elit.Aliquam.auctor@utquamvel.com,Declan,Marquez,97-06-20,GIARG36094,5,198625,63288,47280,10,705,Yes
eu.eros@Donec.org,Joy,Lester,75-01-02,IALQI79727,4,666277,75157,11177,6,607,Yes
Nulla.facilisis@urna.co.uk,Lars,Ross,83-07-10,LJHTW37438,5,377210,97323,20196,3,278,Yes
sodales@morbitristique.net,Scarlett,Macdonald,97-06-13,DPWNZ79328,4,280507,93051,39589,8,844,Yes
ut@pellentesqueafacilisis.edu,Deborah,Marks,86-12-27,LKXNA30968,5,798884,96259,14944,3,347,Yes
at.lacus.Quisque@Aliquamadipiscinglobortis.ca,Dean,Merritt,53-10-05,MPRYS23904,2,385322,63458,15468,3,890,No
lobortis.augue.scelerisque@tinciduntnibh.co.uk,Thor,Trujillo,77-10-03,DDBNT35117,1,125752,48214,37429,10,816,No
egestas.nunc@natoque.co.uk,Kellie,Raymond,90-06-29,QGEOE52629,3,621413,33191,75670,7,985,Yes
eget.odio@etmalesuadafames.ca,Anne,Tanner,70-01-17,NNMVU20350,4,225308,25394,34976,6,325,Yes
mi.ac@sodalesMauris.co.uk,Doris,Patton,74-06-24,ABIKJ71191,5,325110,39498,58835,9,199,No
ornare.Fusce@faucibus.edu,Christine,Le,69-01-24,MGRWQ97580,1,273012,71885,47393,8,526,No
augue.malesuada@imperdiet.co.uk,Quinn,Bradford,68-04-01,AUKBC19943,1,180480,23923,42960,10,974,No
fringilla.purus@Etiam.ca,Wade,Hunter,56-10-11,GYIUO06489,2,415939,61822,39628,8,259,No
nulla@imperdietdictum.ca,Lucas,Petty,77-05-19,DNFEJ21143,5,793433,79441,61714,5,538,No
Praesent.interdum@semper.org,Clarke,Horn,99-02-09,GDVNS63179,5,414648,34075,70608,7,401,No
dictum@Cum.com,Calvin,Figueroa,57-04-16,BDMYY36787,1,703588,54737,94597,10,864,Yes
neque.non@maurisrhoncusid.com,Ryder,Hays,72-03-03,VUKNW52690,2,567821,44712,43742,4,611,Yes
Duis.elementum.dui@malesuadaiderat.ca,Hadassah,Black,90-09-11,QYXBU33215,1,381573,21160,99360,5,143,Yes
arcu.Sed@ametultriciessem.edu,Levi,Santiago,90-03-05,SPDPY36557,5,809249,34042,41417,6,794,No
diam.Sed@mi.edu,Shellie,Rojas,67-02-12,UMMWM42926,4,119777,14753,62402,3,548,Yes
nunc.ac@magnaLorem.co.uk,Jamal,Lowe,81-02-07,NQYSZ63685,1,358735,12973,32533,8,414,Yes
molestie@Cras.org,Portia,Kinney,65-02-28,VVXRK42287,5,677341,41020,51969,8,326,No
netus.et.malesuada@Curabiturutodio.net,Tate,Burns,59-10-03,WLYYP94653,5,952491,24439,81187,8,411,No
scelerisque.neque@nec.edu,Joshua,Craig,93-04-29,YXFZG19282,2,611497,62968,13089,3,793,No
Proin.dolor@Aliquamornare.co.uk,Nehru,Dillard,77-11-06,WGRXG33033,1,707014,38391,68775,8,385,No
Vivamus.molestie.dapibus@convallisdolor.net,Hanna,Payne,66-06-13,UMHLG73807,3,820033,50275,59484,3,367,Yes
ante.Maecenas@molestiepharetra.org,Justin,Cabrera,51-10-20,RBCNR75982,2,797298,10441,28893,7,896,No
bibendum.ullamcorper.Duis@iaculis.org,Quincy,Harper,67-06-26,ILQQI95663,3,759195,97079,20410,7,723,No
Proin@cursus.co.uk,Ocean,Hess,83-04-13,GNZFW29247,3,171164,95204,72719,8,732,No
Nam.nulla.magna@Proinvel.net,Drew,King,95-01-15,KUYXS61589,5,619186,50006,42185,10,997,Yes
et.malesuada@vulputatevelit.co.uk,Arthur,Moran,82-01-23,LXAIB92521,1,717508,79952,69568,10,275,No
neque.Nullam@lacinia.net,Cody,Allison,67-12-23,IEHGI27943,5,992432,65961,65671,8,885,No
adipiscing.elit@arcuVestibulum.co.uk,Abigail,Chapman,65-08-26,KAKIH80906,2,736899,63976,78078,5,787,Yes
orci.lobortis.augue@duinec.edu,Cairo,King,91-01-28,GKSHV90717,2,357108,31941,51344,6,232,No
pede.ultrices@adipiscingelitCurabitur.com,Vera,Brennan,75-01-05,UWXZA83751,1,712339,36881,32768,4,664,No
amet@Aliquameratvolutpat.co.uk,Hannah,Dennis,55-08-02,LDSUK75514,2,904687,53012,27773,6,104,No
vulputate.velit.eu@dignissimlacus.edu,Winifred,Byers,60-01-23,NAQQG00111,4,563947,52788,50257,6,665,Yes
Phasellus.libero@nulla.co.uk,Petra,Calhoun,88-10-25,AEEHT68120,2,874289,54223,29545,8,536,Yes
feugiat.nec.diam@sitametnulla.edu,Yoshio,Reynolds,50-10-23,OWRFL89052,2,497644,54297,99315,5,600,No
sociis.natoque.penatibus@Maecenasornare.ca,Amir,Patton,86-05-31,NPNXR96875,5,188581,10666,12295,3,852,Yes
id.ante.dictum@Aliquamtincidunt.org,Hamilton,Fletcher,63-09-07,BXQHM54629,3,438448,96233,24614,6,589,No
a.sollicitudin.orci@sollicitudin.com,Aurora,Holcomb,60-06-15,BQUGP41156,3,257051,92494,95314,9,754,No
massa@purusinmolestie.ca,Holly,Odom,99-10-02,LJBIG83577,5,596452,82481,60995,4,514,No
eu.dui@pedesagittisaugue.edu,Zeus,Mcclure,91-06-26,CUDHW79646,2,872893,89787,27041,5,831,No
tristique.senectus@Ut.ca,Nayda,Moore,87-01-04,XLGSZ41865,3,892007,53383,92852,3,199,No
nec@estvitae.edu,Zeph,Hickman,96-09-22,YCWCB33382,4,428570,83826,28249,7,112,No
euismod.est.arcu@velit.co.uk,Stephen,Schwartz,75-03-15,QQVEK28463,5,405481,38156,28557,7,993,No
Sed.nulla.ante@sociisnatoquepenatibus.edu,Dolan,Glass,61-12-10,MZODE08102,4,673964,75329,94700,7,911,Yes
vel.venenatis.vel@ligulaconsectetuerrhoncus.edu,Ahmed,Huff,79-08-30,GYCTY12434,4,948267,73754,59312,6,990,Yes
dis.parturient.montes@veliteget.ca,Castor,Bright,69-02-20,JUDPJ63269,4,173326,95267,20981,5,901,Yes
imperdiet.ornare.In@cursusvestibulum.ca,Duncan,Ortega,95-04-30,GWVFQ47958,3,919877,16233,30301,4,894,Yes
Etiam.ligula.tortor@SuspendissesagittisNullam.com,Noelle,Robinson,55-11-21,FIMPD97332,3,169478,34182,19968,6,930,Yes
non.dapibus@convallisante.edu,Jaquelyn,Zimmerman,85-09-02,CMTGM49322,1,856055,16592,52062,4,660,No
lectus.justo@tempor.ca,Kane,Hoffman,67-04-04,DQGNT00822,1,872093,36113,61110,5,399,No
erat.eget@semmagnanec.co.uk,Helen,Cobb,76-08-10,VOYOQ99494,2,269243,44874,58226,7,207,No
luctus@bibendumDonec.net,Ifeoma,Black,75-11-09,EREZU88400,3,871604,80320,72931,10,562,Yes
adipiscing@Curabiturut.edu,Maggy,Byrd,75-10-17,UDTQL40130,3,313730,43393,54984,7,746,Yes
blandit@idmollisnec.net,Shaeleigh,Dillard,74-09-15,AYDHW09181,2,140911,43034,72269,4,948,No
tortor.nibh@Vivamus.net,Hadley,Blankenship,96-08-21,UAFGV29758,3,534143,62624,81865,3,541,No
Vestibulum.accumsan.neque@et.net,Darryl,Haley,86-05-24,HRMGD64172,3,397356,23125,54738,3,292,Yes
laoreet.ipsum@Sed.edu,Yvonne,Cabrera,87-02-03,HXDIQ72106,3,346179,56552,40980,10,978,Yes
vehicula.aliquet.libero@massaQuisqueporttitor.org,Allegra,Pugh,59-05-08,OQSRN67246,2,391649,85421,18217,6,300,No
ipsum.sodales.purus@antebibendumullamcorper.co.uk,Zephania,Willis,69-08-13,HPXTF11863,1,432785,11566,65695,10,221,Yes
ullamcorper.magna.Sed@eget.co.uk,Reuben,Decker,64-02-25,HKRBW22949,3,462037,18360,69529,4,791,No
Integer.sem@vulputatenisi.ca,Petra,Kidd,99-04-07,RLNVM79544,3,185687,19897,29062,10,490,No
hendrerit.neque@fringilla.co.uk,Dominique,Stuart,73-01-12,CSXKV27747,2,729006,26795,58748,10,850,Yes
enim@Donecelementum.net,Melinda,Griffin,79-06-08,DOGEQ48202,1,433039,98506,93934,8,894,Yes
felis@eratvolutpatNulla.ca,Stacy,Mcfadden,88-08-19,ZDIKJ68759,3,946759,43098,98637,10,482,No
vel@vestibulum.ca,Chadwick,Macias,70-03-12,GTYGL81300,4,515320,31075,43278,7,134,No
ac.turpis.egestas@Quisquetincidunt.org,Ivor,Ross,79-03-03,POCJO77577,4,566002,29428,85478,6,296,Yes
sapien.molestie@Nunc.co.uk,Ainsley,Miles,50-08-24,ZQRLQ88036,3,693835,66559,44934,5,897,Yes
justo.nec@urna.ca,Keefe,Ellis,93-01-12,NEBKU57193,5,435134,24188,12812,7,705,Yes
ornare.In.faucibus@Etiamligulatortor.edu,Germaine,Wong,95-05-04,TVPIF63849,5,234737,47102,63071,5,594,No
quis@Maurisquisturpis.ca,Macon,Wolfe,75-03-18,KQPBM71624,4,403124,33462,69318,3,786,No
velit.justo.nec@dis.edu,Carter,Olsen,89-08-18,WGRRJ67528,5,336612,29554,52079,5,859,No
iaculis@convallisconvallisdolor.co.uk,Brian,Calhoun,68-06-13,TJKQH53589,2,431296,77899,39100,9,910,Yes
facilisis@consectetuer.ca,Jane,Carrillo,57-05-21,XRCDD26304,2,658233,36678,26822,10,684,No
risus@sit.com,Macaulay,Mosley,62-04-15,OCJHW41457,2,570494,32708,18485,9,501,No
dapibus@mollis.net,Leonard,Hernandez,90-07-02,PMXDH63629,1,863760,80725,43848,8,645,Yes
justo.sit@nec.edu,Abra,Roman,79-12-24,AFUHK27166,3,232821,36490,69160,7,433,Yes
In.scelerisque@consectetuercursus.ca,Calvin,Valdez,71-10-21,SHXON67649,1,257138,70192,19979,4,387,Yes
suscipit.nonummy@cursusNuncmauris.com,Alma,Terrell,92-06-11,FAGVM34803,1,673475,64573,16133,5,880,Yes
rhoncus.Donec@Curabiturconsequat.net,Illiana,Kelly,62-04-29,NODNG03237,5,683815,20093,35101,9,383,No
pede@egestasblanditNam.com,Lavinia,Hull,94-04-24,MYTNP38941,3,269068,39239,60913,3,249,Yes
ante.Vivamus@mollisdui.net,Autumn,Matthews,81-07-20,TXNZN66697,2,860500,84586,20621,7,133,Yes
laoreet.posuere@laciniavitaesodales.ca,Madeson,Henderson,51-01-25,DNHMF31289,2,468404,97281,96442,4,485,No
In.condimentum@acmattisornare.ca,Kieran,Reese,74-04-10,YLUOT86975,3,970034,46867,77098,9,922,Yes
eu.arcu@est.edu,Brody,Joseph,84-06-10,VWGRE03537,3,448408,98722,22727,10,371,No
libero.est@dictummiac.org,Channing,Figueroa,69-08-29,OYYDD21332,1,426836,56669,82145,10,299,No
vel.nisl.Quisque@loremegetmollis.ca,Colorado,Rivers,85-01-03,PAUQP20882,5,295434,94156,61828,5,880,Yes
elit.pede.malesuada@lacinia.co.uk,Joel,Mullins,81-04-05,ZAIBN39206,5,407925,70292,44210,7,172,No
ipsum@acurna.org,Abraham,Mcgee,87-05-01,SSXUF67592,5,175937,34811,53633,3,774,No
adipiscing.ligula.Aenean@suscipit.com,Elmo,Gillespie,53-04-09,NNDQL28641,2,120402,28707,53382,6,285,Yes
placerat@Curabitur.net,Roanna,Sykes,56-01-29,AKCPL16162,4,443069,26303,87031,9,552,No
mollis.vitae@eteuismod.ca,Giacomo,Sharpe,53-11-29,NYQHY69528,2,364816,94016,33933,9,391,No
egestas.urna@nullaIntegerurna.edu,Noble,Holland,63-12-17,UVPYW23135,5,661433,21318,88334,8,385,No
Integer.urna@bibendumfermentum.org,Vivien,Hutchinson,89-02-24,EEDME22323,2,192606,32228,42735,3,250,Yes
dictum@penatibusetmagnis.net,Patrick,Cobb,89-03-21,LGVOM35104,4,709136,66748,34394,4,701,No
dui@nascetur.net,Simone,Byers,82-08-23,GYNTI99150,2,692440,62746,68706,4,900,Yes
Proin@ornareliberoat.net,Burton,Sampson,92-04-18,AUIBQ82118,1,319587,45407,58413,10,760,Yes
Praesent.eu.nulla@tellusNunclectus.edu,Colby,Ortega,76-07-22,MBRUI51478,5,736140,88981,90373,8,210,Yes
ullamcorper.viverra@ligulaelitpretium.ca,Garrett,Mack,64-11-17,KJRUV79157,1,712495,26588,81865,10,182,Yes
augue@ornareplaceratorci.co.uk,Indira,Bruce,84-12-25,UWWSA38198,2,550497,15233,86610,5,550,Yes
vel.nisl@velnisl.org,Uta,Bradley,93-02-11,FENJF70881,4,232150,33815,93145,5,757,No
ultricies.dignissim@luctus.edu,Hunter,Blair,97-05-13,SKKJB97444,4,929491,19824,66470,9,489,No
ac@semutcursus.co.uk,Haley,Briggs,52-06-05,XJHBO57043,4,948798,23390,14747,8,667,Yes
id@CrasinterdumNunc.co.uk,Wing,Allen,95-09-01,GKVWQ34082,4,104357,26651,19834,6,322,Yes
pharetra.felis.eget@blanditcongueIn.net,Natalie,Albert,66-08-04,YSUEZ71604,1,189558,73304,61342,3,334,No
arcu.imperdiet.ullamcorper@Vestibulum.net,Wayne,Dyer,90-01-25,LIWTI16900,2,613195,91526,61568,4,937,No
placerat@ametornare.net,Jillian,Walters,73-03-17,LDKQF60838,2,225493,93502,63220,8,977,Yes
massa.non@Suspendisse.net,Aristotle,Landry,80-04-17,PNFMJ41728,3,798232,53778,75372,8,316,No
Sed@Cras.ca,Norman,Merritt,73-12-11,GQPAT45711,2,635367,59701,72839,3,439,Yes
libero.Integer@incursus.net,Yetta,Knowles,65-04-30,MUASB75786,4,748941,18677,33459,4,507,Yes
ipsum.primis@Praesentluctus.net,Paul,Hall,84-11-14,UQFRC08965,5,930490,53803,53441,6,351,Yes
Proin@Curae.org,Bianca,Meyer,57-04-12,KRAZI06766,3,457395,88852,22472,9,740,No
tempor.diam.dictum@sedturpis.com,Shana,Reeves,73-03-27,EVOFM44418,4,178905,54601,59917,7,725,Yes
sem.egestas@nec.org,Marah,Bolton,94-10-05,TLBXR83065,1,635038,37272,58608,10,595,Yes
Quisque@lectussit.ca,Tatyana,Mathews,71-03-15,MTPIA99150,4,606548,50727,98351,3,628,No
non@pretiumaliquet.co.uk,Chandler,Michael,57-07-25,HHZEF36459,3,173412,29587,33352,4,103,No
egestas@consequatnec.edu,Ciaran,Colon,56-08-24,NVJUS55130,2,885680,93276,20102,8,416,Yes
lacus.pede.sagittis@vel.net,Rooney,Clark,85-04-10,ZZGLD16220,2,168985,29853,11363,3,162,Yes
tempor.bibendum.Donec@ProindolorNulla.edu,Katell,Zimmerman,71-09-29,DDLBX79495,2,832819,86506,75494,6,575,No
id.ante.dictum@acarcuNunc.com,Elizabeth,Herring,68-07-10,GXAAN00412,2,245440,40682,22676,9,408,Yes
nisi.Aenean@congue.co.uk,Morgan,Blackwell,57-08-29,TDBHZ26500,3,572498,39704,85495,5,387,Yes
porttitor@Phasellusdolor.com,Keelie,Andrews,53-05-23,NEMIX05014,4,459535,50263,80921,10,521,No
mi.ac@convallisincursus.ca,Arsenio,Haley,57-04-14,QPZNM47775,3,992181,51631,63714,5,998,Yes
vitae@quis.edu,Ila,Bradshaw,93-08-02,RNOXE87746,4,286891,69455,31276,9,535,Yes
ornare.lectus.justo@fermentummetusAenean.com,Fay,Slater,98-01-27,AGVMM51933,3,840625,70073,86162,5,779,No
tortor.dictum@ultriciesadipiscingenim.co.uk,Carol,Hendrix,78-11-11,SDREC23889,3,511591,62518,28585,5,876,Yes
aliquam@sapienAeneanmassa.co.uk,Linus,Villarreal,79-12-28,SRWAO44936,1,736033,82044,76975,9,661,Yes
luctus.ut.pellentesque@orciPhasellus.net,Maya,Galloway,53-04-18,EPUEI60934,2,486424,21156,91401,6,249,Yes
orci@malesuadafringillaest.edu,Austin,Cole,64-03-27,SIRZZ71911,5,439099,75714,54585,9,495,Yes
arcu.Nunc@malesuadavelvenenatis.com,Leroy,Sawyer,98-12-02,PCQZM99430,4,891886,98749,14543,4,570,Yes
vel.venenatis@leoMorbineque.net,Wilma,Moses,73-05-06,NMDNR19609,3,993685,67226,35576,10,357,No
erat.in.consectetuer@odiotristiquepharetra.edu,Igor,Vaughan,93-07-08,NGJEI88780,2,165610,11998,29764,8,619,Yes
nunc.Quisque@vitaeeratvel.com,Maxwell,Buckner,70-10-11,FQLAU56224,3,546042,48358,69033,7,937,No
pellentesque@risus.org,Alfreda,Morrison,90-03-20,MKMRE23496,3,129601,35406,21642,6,510,Yes
Nulla@orci.net,Oscar,Bates,97-02-03,PQGRV72580,5,740600,68279,16186,9,293,Yes
est.tempor.bibendum@ornarefacilisiseget.edu,Preston,Weiss,61-12-29,UJENZ93287,1,391898,98740,22727,7,740,Yes
Curae.Donec@pellentesque.co.uk,Garth,Mitchell,70-08-20,RSIHR55840,3,668793,50513,84166,4,811,Yes
sit.amet.consectetuer@congueturpisIn.net,Orlando,Calhoun,74-08-12,ZYJYA51486,5,911545,83586,76778,8,970,No
eu.ligula.Aenean@liberoInteger.org,Nicholas,Bennett,51-09-18,DAAVA96881,1,587855,64186,24639,7,237,Yes
Suspendisse@blandit.net,Allen,Travis,62-07-12,LGKWA11835,1,932810,12237,61249,8,168,No
amet@enim.com,Roth,Stafford,71-01-17,FTLIL81041,2,304052,89127,44101,6,868,Yes
felis.Nulla@ipsumCurabitur.org,Oscar,Preston,77-03-18,SEGFH96183,2,681170,33023,34921,10,737,Yes
amet.luctus.vulputate@placerategetvenenatis.org,Wynter,Doyle,95-04-01,DOPLY11006,2,889700,57291,96949,10,766,Yes
sed@elitNulla.org,Isabelle,Joyce,85-12-03,BUFPP90194,1,159901,64858,47882,9,532,No
at.risus@Duis.com,Amber,Drake,79-06-07,DKQLD39750,4,347695,62631,99683,7,692,No
lorem.ipsum.sodales@aliquamerosturpis.net,Benjamin,Wilder,85-04-29,PGTQX56475,4,370121,21935,26449,5,487,No
arcu.imperdiet.ullamcorper@blandit.org,Grant,Mercer,79-05-08,BUKUN46247,5,618223,47179,40951,4,957,No
dui.Fusce@sagittis.com,Chloe,Boyer,60-09-17,BSCBT75597,4,672996,30355,41178,3,726,Yes
vel@Fusce.net,Miranda,Justice,82-10-21,MQMVP48185,3,576876,75351,25433,7,802,Yes
Sed.molestie.Sed@enimCurabiturmassa.ca,Kiona,Wilder,90-02-27,KPZLA32611,4,599834,13143,67605,8,684,Yes
leo.Morbi@nibhenimgravida.org,Alfreda,Hoffman,74-04-24,AGQKC33916,2,528464,69916,97859,5,830,Yes
sollicitudin.adipiscing.ligula@etcommodo.com,Hashim,Lambert,74-01-16,QKETS72317,1,591857,51236,70703,5,399,No
mollis@liberoInteger.org,Yen,Fisher,86-12-04,YRDDG21089,3,362921,53606,21798,10,894,Yes
Donec@nequepellentesque.co.uk,Brody,Carney,59-12-18,KHKHN44838,3,638781,75741,68571,7,897,No
nascetur.ridiculus@vestibulum.org,Naida,Dean,99-04-10,UTEEG13121,3,942917,21395,20433,7,710,Yes
sit.amet@ametluctusvulputate.ca,Damon,Hinton,91-07-01,RLNYU45409,4,737708,57879,82172,7,292,No
ac.nulla@Inscelerisquescelerisque.ca,Flynn,Sawyer,77-03-04,FLGIX05541,5,433360,85623,44381,3,930,Yes
congue@tinciduntadipiscing.ca,Solomon,Montoya,60-04-03,NWHOH81427,2,541632,92377,91537,10,292,Yes
pede.Suspendisse@sagittis.org,Leila,Marshall,75-07-12,SJYUR24049,1,173462,41319,99892,6,964,No
Nam.interdum@purus.org,Brenna,Barnes,81-05-05,EHPIW92166,5,930448,23850,37064,7,366,No
massa.Mauris@aliquetodio.edu,Blythe,Moses,59-07-20,OQJER75608,3,735007,91927,11773,9,140,Yes
dictum@nonummyultricies.com,Helen,Salinas,92-08-03,NZZUS88360,4,601707,72722,53855,4,742,No
lorem.sit.amet@ornaresagittisfelis.org,Indigo,Benson,55-03-11,ITFWX79007,3,372857,68969,33198,9,819,Yes
dolor.Fusce.feugiat@acipsum.edu,Igor,Clarke,77-12-10,IQABN62099,5,849492,10173,75862,5,417,Yes
hendrerit.id@Mauris.edu,Jeremy,Barry,74-08-30,WVAWN39901,1,429868,59236,87921,7,966,Yes
eu.sem.Pellentesque@aliquetlobortisnisi.co.uk,Sonia,Byrd,81-11-02,XDAPU92629,5,395734,60320,85458,5,401,No
nibh@Crasvulputatevelit.edu,Jael,Murphy,84-09-01,ADIJY75587,5,855678,73150,83934,6,631,Yes
Mauris.eu@nislarcuiaculis.edu,Patience,Barnett,55-11-20,TTHSW23463,5,329925,54111,14557,7,877,No
est.mollis.non@ultricesposuerecubilia.co.uk,Christine,Washington,96-01-13,HGKRW15436,4,612883,24545,70533,6,562,No
penatibus.et.magnis@augueutlacus.ca,Roary,Mckenzie,89-07-26,MFVKL68526,1,754905,36678,52399,4,180,No
urna.Ut@tellusidnunc.net,Neil,Ayala,64-07-06,ZDAVV23888,1,425227,86135,53833,4,753,Yes
risus.odio.auctor@orciDonecnibh.com,Emmanuel,Rice,90-02-12,PMEUP35924,4,267812,19185,78909,4,834,Yes
mauris.erat.eget@Crasvulputatevelit.net,Zephania,Weiss,91-10-02,VSETH97709,2,982223,69261,92525,9,501,Yes
Proin.vel@vestibulumloremsit.edu,Samantha,Castro,51-01-10,CDTBF97217,1,878970,48853,53815,5,195,No
In@seddictumeleifend.ca,Dara,Kidd,66-09-13,CGKTA59951,3,909035,35359,28801,9,840,No
quam@Suspendisse.ca,Hayfa,Mclean,95-02-27,LDTNA82839,2,200755,14907,58170,5,501,No
et.netus@enimNuncut.net,Carol,House,95-01-07,ZLDVO34490,5,144819,83486,91415,7,423,Yes
nec.metus.facilisis@sagittisDuisgravida.org,Shad,Cunningham,74-02-25,JDFWO71055,1,177749,75519,83453,9,507,No
aliquam.eu.accumsan@euodiotristique.ca,Brendan,Reid,70-10-04,IYTHH29388,4,742542,85420,15555,7,783,Yes
leo.Morbi@tinciduntDonec.com,Wylie,Riley,65-11-05,UIZLZ65600,4,399245,21821,41195,10,749,Yes
sem.molestie.sodales@fringillapurus.edu,Travis,Sanchez,69-05-22,XAJUR70768,4,548847,73180,63809,6,165,Yes
nonummy.ultricies@ligula.com,Courtney,James,57-10-03,QSAMV65711,1,882705,38926,98740,6,179,No
scelerisque.sed.sapien@neque.edu,Fitzgerald,Mccarty,86-08-01,DJCVR24769,4,827761,82275,24343,9,899,No
tellus@duiFuscealiquam.ca,Jerome,Combs,87-01-20,PQARO02136,4,851261,28543,98789,5,935,Yes
ipsum.leo.elementum@vitaevelit.org,Unity,Chase,96-12-14,ZKUKZ13335,1,428277,61778,34813,9,604,Yes
sed.sem@tellusimperdietnon.com,Ryan,Good,60-01-15,ZVFXL54616,2,777221,65573,61695,6,290,No
ipsum.Phasellus.vitae@Cumsociis.ca,Andrew,Beard,95-03-31,MZQHY55472,3,404804,68688,14978,7,260,No
elit.dictum.eu@egestasa.com,Alec,Pena,76-11-23,MPPCS54073,4,371155,88675,71834,7,712,No
et.ultrices.posuere@odioa.co.uk,Hope,Holcomb,52-05-03,BLTCZ08836,5,657012,95584,97669,4,308,Yes
dignissim@auctorullamcorper.org,Jena,Sweet,96-02-05,DABJI23855,1,918745,32625,16894,8,803,No
at@Duisatlacus.org,Stacy,Holt,63-12-08,XPXHS89280,4,355776,52872,27151,4,695,Yes
nisi@etmalesuadafames.co.uk,Azalia,Bradley,64-05-17,JFHWN41091,5,162279,26797,80299,7,273,No
rutrum.magna@enim.edu,Denton,Humphrey,70-02-05,AVIWS87431,3,705507,91311,35365,5,744,No
tristique@ipsumnonarcu.org,Oliver,Brewer,57-11-17,EMLLH17043,2,887280,31363,68067,3,787,No
semper.pretium.neque@euismod.co.uk,Dalton,Park,84-03-07,JNOAN84214,1,404825,44826,71986,6,645,Yes
ut@acturpisegestas.ca,Brooke,Rose,60-11-17,NDGNP82027,5,619322,98846,63576,9,803,No
diam.nunc.ullamcorper@cursusInteger.ca,Herrod,Cooley,83-12-22,JFYCO36723,5,442537,78617,38780,10,853,No
parturient@faucibusut.net,Eaton,Joyce,91-06-24,BKDAF72616,5,430719,54874,80865,3,822,No
dui@elitpellentesque.org,Kirestin,Morales,90-04-12,VJHGS07164,1,861417,49402,93262,10,534,Yes
lorem@ligulaeu.com,Christian,Wilder,57-11-26,RRCTO07206,3,291627,24068,31890,9,294,Yes
in.tempus@dictum.edu,Troy,Nielsen,89-01-23,ITAOZ05940,1,309257,36610,10795,7,877,Yes
sem.egestas@pretiumnequeMorbi.com,Joan,Haley,90-03-01,CTLID15687,1,339188,31723,67995,6,395,Yes
In.faucibus.Morbi@Nullamvitaediam.edu,Ocean,Fischer,93-10-22,ZHNSQ51612,1,294548,57035,62757,7,885,Yes
nascetur.ridiculus.mus@vitaeerat.co.uk,Palmer,Lamb,94-05-29,ILFUJ31527,2,980964,48609,66782,7,154,Yes
Lorem.ipsum@Phasellusvitaemauris.com,Armando,Keller,62-11-29,KLKHD44165,4,736384,76128,93688,8,317,No
tellus.justo@Aeneaneuismodmauris.com,Reece,Little,60-08-12,URULP65086,5,646344,95394,91489,8,581,No
diam.dictum.sapien@sed.ca,Tad,Castro,50-03-20,OWUZI41148,1,398068,29207,72118,3,845,No
adipiscing.elit@interdum.ca,Axel,Sellers,52-08-20,VWNQI44357,1,344660,52258,28805,9,994,Yes
ac.mi.eleifend@ullamcorpernisl.net,Kai,Gill,66-07-16,UKADH32484,2,224568,73361,18311,9,814,No
lorem.ut@iaculis.org,Meghan,Luna,78-05-10,FUEYJ45681,3,634108,47474,80074,3,536,Yes
amet.dapibus@ornare.org,Zeus,Oliver,61-04-03,GBFPD04663,3,630953,46426,73749,6,898,No
vel@auctor.org,Rana,Rowe,50-11-22,DSQNI53777,5,881319,63327,89287,5,584,No
fermentum@ultriciesornareelit.edu,Taylor,Branch,56-06-09,HEVCG93986,4,886569,29921,70331,6,975,No
vestibulum.nec@amalesuada.com,Doris,Mueller,71-02-09,QCFXA21131,4,869055,67305,82744,3,906,Yes
turpis.vitae.purus@necmalesuada.edu,Laith,Townsend,80-11-21,CIBIM71989,5,346891,29546,47473,4,506,No
neque.Nullam@volutpat.net,Yuli,Valencia,57-08-02,HKAHH37011,5,737897,76306,15038,7,548,No
lorem.Donec@eratnonummyultricies.org,Ina,Pearson,91-01-24,VXAFR81060,4,495793,10976,70882,9,273,No
sem@nibhDonecest.ca,Michael,Humphrey,77-10-26,DYQCI10570,5,504321,91808,41477,3,780,Yes
egestas.blandit.Nam@nonfeugiatnec.ca,Kevyn,Mayer,97-11-26,ONHHP44471,1,822873,78514,79735,10,597,Yes
aliquet.diam@maurisblandit.net,Moana,Briggs,81-02-05,CKAEI80134,2,311951,39610,65634,3,914,No
Cras.eget.nisi@Sedpharetra.net,Cadman,Nixon,85-10-11,TDAGO03844,1,607737,72583,73740,10,438,Yes
ut@Pellentesqueut.edu,Myra,Noel,97-02-15,BFWYZ30913,2,497548,31591,67101,8,915,Yes
arcu@rutrummagnaCras.org,Hannah,Brennan,83-04-09,APPEG55730,3,716173,25621,19402,10,561,Yes
elit@Integermollis.net,Kasimir,Wells,74-08-10,XRRKO33681,2,552408,16427,15640,4,134,No
nulla@nasceturridiculus.org,Drew,Carrillo,73-02-10,QZQDL56197,1,191973,65835,83202,6,915,No
tellus.imperdiet.non@nislelementumpurus.org,Beverly,Griffin,56-05-24,YZCEM84455,4,114196,54401,40960,9,643,No
et.magnis.dis@egetvenenatisa.edu,Julian,Witt,77-03-04,FKFLO36217,4,947855,89783,97586,10,129,No
eu.placerat.eget@Nullamfeugiatplacerat.edu,Thaddeus,Moore,55-12-06,HPSGN68471,5,181221,59375,99550,10,991,No
magna.Praesent.interdum@leoelementumsem.ca,Zenia,Finley,81-12-09,KWONE44200,1,916606,14550,38099,8,335,Yes
ut@pede.co.uk,Anastasia,Herman,94-02-11,OVUIX31816,5,134644,19307,20465,3,391,No
nisl.Nulla.eu@molestieSedid.ca,Echo,Duke,96-07-21,LQHAS39152,4,561936,92210,77834,6,690,No
mus.Proin@scelerisque.com,Bertha,Chen,92-12-21,QIBVW37450,1,159662,38616,49258,7,120,Yes
enim.Nunc@vulputatedui.edu,Josephine,Cox,83-06-27,IDUUZ00503,5,122470,92400,12932,5,318,Yes
est.mollis.non@aliquetlobortisnisi.org,Barbara,Carlson,85-11-18,BEBED88364,3,868724,53903,60115,4,546,No
nisi@NuncmaurisMorbi.co.uk,Nathan,Page,88-11-22,ITLBL03798,2,575700,37397,76198,10,738,Yes
aliquet.metus@lectusjustoeu.com,Kenneth,Young,57-09-03,KHSRO49245,3,538052,60443,72608,3,778,No
iaculis@Phasellusin.com,Quentin,Gillespie,87-03-06,EETNX56467,5,230368,14549,54738,4,728,No
Pellentesque@massaVestibulum.ca,Madonna,Patton,77-02-07,XLLDZ63916,5,308264,83269,14216,9,705,No
nibh@ut.edu,Ella,Gibson,56-05-09,RWCIU84695,1,617219,87394,64877,6,370,Yes
dignissim@diam.com,Michael,Glover,78-08-29,GBQVS81252,4,671023,64515,66750,3,241,Yes
nulla@natoque.com,Joan,Stevens,75-06-29,GYMSV20213,3,142985,33431,20542,9,159,No
lacus.Mauris@Aliquamrutrum.com,Basia,Manning,82-08-10,NHEHJ72663,3,353594,96475,84694,6,530,No
tempor.lorem@lectusante.co.uk,Allistair,Torres,51-02-03,CCDOM48762,1,240317,85057,34604,10,678,Yes
Donec.tempor@Suspendissedui.ca,Kimberly,Pearson,50-07-06,VYYTH55559,2,270989,16268,61419,6,874,No
lacus@ataugueid.com,Winifred,Hardin,70-03-03,HJAYV76960,3,689372,21244,50623,10,952,Yes
placerat.orci@vulputaterisus.org,Macaulay,Lloyd,70-08-15,HKRHF03791,4,514475,59294,79929,4,814,Yes
et.ultrices@tempor.ca,Steel,Moody,77-10-25,VXREJ76296,4,967196,56171,13844,8,128,No
dapibus@luctuslobortisClass.net,Skyler,Cortez,61-05-22,AVOJF44282,5,262556,21189,69960,9,607,Yes
turpis@loremauctorquis.com,Justin,Ortega,57-10-09,IWUMZ74495,3,487560,87652,50185,5,964,Yes
feugiat.tellus@egestas.com,Skyler,Rios,57-06-23,QMCHT78236,5,638653,71378,86371,3,914,Yes
Phasellus.fermentum.convallis@at.co.uk,Deacon,Clark,97-06-30,ZASQE31194,4,344746,56674,96162,8,112,Yes
mi@Sed.co.uk,Cole,Mccarty,95-09-09,XRSMK60912,2,984581,98029,55615,10,996,Yes
amet@Nam.co.uk,Jared,Vasquez,99-06-13,SOZTP50251,2,866430,23024,14707,9,229,Yes
id.mollis.nec@senectuset.ca,Keaton,Woodard,58-08-07,QELMD79913,4,138628,59407,75294,8,822,No
rhoncus.id.mollis@musAeneaneget.com,Nadine,Hartman,56-07-09,FBDOP52502,5,654669,53338,24325,7,643,No
velit@convallis.edu,Ciara,Ramos,84-01-02,SIGFA61987,5,556349,78220,50879,8,603,No
lobortis.ultrices@est.org,Veda,Richards,77-02-07,PGTDE63659,2,203039,21998,73778,8,112,No
et.malesuada@facilisisnonbibendum.net,Wesley,Lindsey,95-08-06,ENNCA92082,3,782031,13471,46920,8,936,Yes
sit.amet.ornare@ipsumSuspendisse.com,Blaine,Reynolds,78-02-10,THRTT59413,2,312946,70361,12207,6,570,No
neque.In.ornare@MaurisnullaInteger.edu,Suki,Carpenter,82-12-27,ZOFBB27157,1,784316,45592,46137,8,438,No
justo.eu.arcu@vulputateduinec.org,Hadley,Calderon,91-03-24,HDZFZ39196,1,108323,66955,95870,4,734,No
dolor.vitae.dolor@nisimagnased.net,Mary,Ochoa,57-04-05,EBSOE82125,4,810650,93579,13964,5,549,No
elementum@pede.ca,Bevis,Vaughn,99-08-20,SDHFR68039,1,151047,29429,98839,5,146,Yes
quam.Curabitur@enim.co.uk,Indigo,Hyde,74-12-12,KBTSU88216,3,210831,42992,87831,5,374,Yes
sem@malesuadaInteger.org,Hedley,Bailey,83-03-17,XAUOL82923,1,815547,54451,46170,9,452,Yes
at@rhoncusNullam.edu,Mark,Mcmahon,75-01-15,LZVTW11126,2,319136,67978,52554,7,972,Yes
malesuada.fringilla.est@inceptoshymenaeosMauris.org,Damon,Melton,51-11-23,AZHLZ58979,5,962300,63902,36040,8,253,Yes
a.magna.Lorem@enimSuspendisse.org,Jeremy,Larsen,87-09-13,TVNXI32171,2,619861,89577,14018,3,694,No
a.facilisis@purussapiengravida.org,Zephania,House,85-04-02,JYHPG29151,2,801512,63298,13448,8,487,Yes
aptent.taciti.sociosqu@aliquetmolestietellus.com,Timothy,Church,51-06-22,NVSDW45134,5,491341,72426,55472,7,490,Yes
ut@rutrummagnaCras.ca,Zeus,Butler,54-10-16,PTUYJ76020,3,714111,67023,71556,4,989,Yes
lorem.ut.aliquam@aliquameuaccumsan.co.uk,Marshall,Melendez,89-07-27,SSITF22326,3,915174,54160,44099,10,819,Yes
vestibulum.massa.rutrum@enim.com,Evan,Cote,80-05-22,DPBGK98984,1,219290,71972,22518,9,336,Yes
Morbi.neque@arcuVestibulum.com,Alice,Hubbard,52-05-19,CWNGN07186,3,854202,45028,80652,6,430,Yes
Sed.neque.Sed@Incondimentum.ca,Kalia,Knox,67-05-17,XTRWM15184,2,164964,25098,51251,5,780,Yes
quis.urna.Nunc@at.org,Dexter,King,88-06-03,CKXEL34829,5,796259,40123,73238,8,821,Yes
Nullam.vitae@inceptoshymenaeosMauris.co.uk,Odysseus,Pittman,86-09-25,UNNOZ96869,1,134473,84309,16787,3,817,No
dapibus.quam.quis@magna.com,Dawn,Roth,86-02-08,BLMZD35916,1,824415,61077,90460,8,131,No
laoreet.posuere@actellus.net,Farrah,Pollard,81-04-25,AMFIP94067,1,880073,62856,80546,3,975,Yes
eu@pellentesqueeget.edu,Ezekiel,Merrill,74-08-14,NMHDX75331,5,576158,51510,16186,10,843,No
volutpat@arcueu.co.uk,Luke,Roth,76-05-28,ZXFBZ02085,2,276468,60682,74995,9,444,No
Phasellus.fermentum.convallis@justosit.edu,Sandra,Sharp,60-10-19,ZEETV06166,5,892465,42670,36730,8,415,No
Nullam.scelerisque.neque@iaculisneceleifend.edu,Kimberley,Randall,63-06-18,VGUJO90695,3,639098,48124,74317,3,292,Yes
non@faucibus.co.uk,Maite,Grant,88-02-28,YCYKR93110,3,299903,30490,73161,5,778,Yes
elit.sed@gravidasagittisDuis.com,Barrett,Davenport,84-01-29,XUOPX85795,2,216284,19878,62445,4,814,Yes
orci@adipiscingenimmi.com,Unity,Livingston,72-12-09,IRKCE48346,1,557726,71271,86279,3,304,Yes
nisi.Mauris.nulla@Aliquamnecenim.com,Xander,Goodman,67-04-02,CBNIX87747,2,348128,69200,98484,4,405,Yes
montes@lacusvarius.org,Sandra,Whitley,87-09-23,SBTAP25763,2,221902,39158,31749,9,448,No
enim@nullaatsem.ca,Ezra,Thompson,63-06-05,SFALN07862,4,367069,42659,32097,4,525,No
risus.quis@diam.net,Victor,Diaz,83-12-28,SBEFN31355,5,337845,85362,48444,9,737,No
at.iaculis.quis@eleifend.net,Stewart,Pace,54-01-24,TWGMR43872,2,867598,54773,83637,9,344,No
elit.elit@dui.com,Simone,Slater,79-09-01,GDKQM07781,2,347232,10610,56347,8,713,No
adipiscing@mi.edu,Kane,Sargent,97-05-03,TJMLF82492,3,995049,51351,19263,8,849,No
malesuada.ut.sem@nislQuisquefringilla.edu,Sharon,Black,67-07-31,ZUZZV50050,3,201391,95358,89572,6,498,No
pellentesque.eget@anteipsum.edu,Ryan,Mendoza,82-09-26,IFDXR67159,3,112897,30742,81630,8,789,No
iaculis.aliquet.diam@ac.org,Benedict,Wright,90-07-14,MDXEA13692,3,718478,71468,47298,6,721,No
gravida.sit@semper.edu,Mannix,Vang,51-05-24,YVSZY81744,5,142807,72869,50995,3,388,Yes
Nam@disparturientmontes.org,Acton,Baxter,50-10-23,QLNPI59139,3,716632,89300,72784,10,323,Yes
auctor@purusaccumsan.co.uk,Kelsey,Romero,90-01-08,IUXRU67028,1,637544,82974,52909,6,897,Yes
vitae.diam.Proin@ametrisusDonec.net,Zephania,Grimes,96-01-26,OWCTN83187,3,912663,63348,87979,4,865,No
vel@tincidunttempusrisus.ca,Malik,Padilla,89-05-12,KMQSM15112,1,368875,31197,18481,10,520,No
cursus.vestibulum@urnaconvalliserat.net,Rina,Fields,86-03-27,LCWZK64534,5,845274,97474,17632,5,904,No
pede.sagittis@acnulla.ca,Mark,Buckner,87-08-02,IXHQD58839,4,603425,20720,57159,10,828,No
ante@est.com,Colton,Cooke,74-12-15,SIYHV56992,2,200375,35409,98531,3,308,Yes
Praesent.eu.dui@Fusce.org,Stuart,Morrison,93-04-01,FASJE83137,4,790307,87589,92708,9,898,Yes
nisi@Donecfelis.org,Knox,Henry,91-02-04,MIKRS46675,4,105180,44593,23321,10,734,No
mollis.Phasellus@ligulaelit.com,Quail,Whitfield,54-04-19,BWUKZ95995,2,549437,44441,39480,4,238,Yes
cubilia.Curae@tinciduntorci.ca,Tyler,Barron,82-11-14,KRJLF39287,1,629361,28573,62573,10,628,No
auctor@urnasuscipit.com,David,Mejia,56-02-02,UTAWA93150,1,227552,60689,53545,6,661,Yes
In@asollicitudinorci.org,Leah,Villarreal,77-12-14,WHHSR74679,4,830271,89900,40162,7,408,No
erat.neque@tristique.net,Jerome,Calhoun,80-05-26,VYEZA63427,4,261952,81704,75451,10,885,Yes
Duis.elementum@ametmassa.com,Keelie,Kirk,72-06-14,UODZY74202,2,267827,45236,78785,8,570,No
ullamcorper@arcuvel.com,Wynter,Hess,51-03-25,UFRON44325,2,709582,55592,62820,5,876,Yes
pretium.aliquet.metus@etmagnis.com,Jamal,Holloway,89-04-26,BWRSU30642,2,984814,82048,95890,4,762,Yes
adipiscing@dolor.ca,Benedict,Salinas,81-06-18,LJZWD18765,4,239714,96363,97893,5,289,No
non.vestibulum@leoCrasvehicula.net,Fallon,Holland,78-07-20,APJBD22487,4,344146,20240,37089,8,918,No
accumsan.neque@eratnequenon.ca,Hector,Bishop,88-03-16,OIUOM68140,2,708560,63879,75291,6,544,Yes
nunc.risus.varius@Uttincidunt.co.uk,Wallace,Crawford,89-01-10,KIEXJ00890,1,502109,48355,84793,5,585,No
nisi.dictum@metus.co.uk,Xenos,Tran,86-09-28,WIPLP13289,1,359729,26570,83501,9,593,No
ut.quam@eteuismod.ca,Rahim,Armstrong,77-05-11,LSRVP86550,2,881052,72703,36513,3,555,No
semper.auctor.Mauris@egetmetuseu.ca,Erin,Alford,54-06-18,GLGWB98759,1,955890,37387,78625,6,407,Yes
cubilia@eunibh.com,Gannon,Callahan,77-06-04,UWBCG27055,1,531773,38345,36784,3,432,Yes
dapibus.id.blandit@natoquepenatibus.edu,Halee,Lamb,65-08-31,XUZRC40721,3,719369,13434,19443,8,916,No
Cum.sociis.natoque@massalobortis.edu,Trevor,Stevenson,62-09-10,CERPP76036,1,453808,95569,62602,8,815,No
at@Vivamus.com,Kamal,Mills,63-12-24,HDBYD05824,3,891260,17936,56873,8,694,No
urna.justo.faucibus@utlacus.ca,Ariana,Ayers,74-10-09,OVDUP56167,1,151152,79769,47264,10,775,Yes
dui.Cras.pellentesque@eu.edu,Craig,Buckley,62-04-09,JJRSS51422,2,144804,44833,39897,4,257,No
ac.libero.nec@loremvitaeodio.edu,Karen,Pugh,95-06-15,XIKOB05535,4,371459,12855,18408,8,419,Yes
Nunc.laoreet.lectus@arcuVivamussit.edu,Charity,Paul,55-06-03,WZRFF49501,4,684036,89512,56828,6,699,No
elementum.dui.quis@velit.org,Keelie,Burch,56-04-06,TRETH14323,5,443341,23597,16422,3,865,Yes
elit.pharetra.ut@Nam.org,Cullen,Russell,86-12-15,RQNCF23680,5,912135,27832,61618,4,605,Yes
mi@anteNunc.com,Felix,Farley,66-05-31,SOIOK77671,4,201454,71822,88977,8,675,Yes
Cum@ultriciesligulaNullam.org,Lael,Curry,56-02-28,GCNPH33936,2,492080,18204,92132,5,446,No
sem.mollis@nec.com,Leslie,Gardner,60-12-29,RLHKW71136,5,396923,69220,13324,5,746,No
quis.urna@litoratorquent.ca,Dane,Ramos,56-10-02,WEXYE94533,1,858185,78963,27440,4,902,Yes
quis@maurisaliquam.co.uk,Tyler,Mcgowan,86-05-06,BRNWK88614,2,139699,43704,64945,5,306,No
eget.odio.Aliquam@orci.edu,Callum,Dunn,84-07-24,TJRZL68754,2,147399,63957,36497,8,303,Yes
Vestibulum@Integervulputaterisus.co.uk,Charles,Willis,88-05-16,EPCGI17803,4,156806,41202,79715,5,192,No
fermentum.vel@velsapien.org,Wyatt,Grimes,76-04-29,XQSQR54213,3,413730,72820,74355,7,710,No
cursus@elitelitfermentum.org,Vincent,Blevins,73-08-17,SJQGI23529,1,776923,57194,55024,5,162,No
consequat.nec@nibhenimgravida.org,Mannix,Simpson,90-03-25,RKMUH35519,5,882085,47482,23811,4,103,No
ridiculus@tristique.edu,Ivory,Hudson,96-03-05,CWQCP64275,4,853629,74282,54139,4,496,No
Donec.vitae@necquam.co.uk,Nita,Baxter,83-05-29,AMAAP74527,3,431079,39895,25761,7,870,No
eros.nec.tellus@elementumpurus.edu,Azalia,Booth,98-10-12,GORXD22878,5,199181,17613,78908,6,308,No
risus.Quisque@estmollis.edu,Candace,Lynch,54-12-12,YHWDI79077,4,381935,92785,87326,3,429,No
lobortis@lacus.edu,Armando,Gallegos,91-06-21,NPATI26441,5,850112,27458,54047,3,595,No
enim.Etiam@porttitorinterdumSed.co.uk,Hermione,Woods,74-08-19,MWOOO99047,1,392727,77333,42198,4,246,No
quam.dignissim.pharetra@pretium.edu,Christian,Saunders,52-05-10,LIKDU66564,2,166701,22185,89700,4,854,No
facilisis@nonbibendumsed.ca,Charlotte,Cooke,94-12-05,IATLJ47760,2,387364,96327,60052,9,238,Yes
Integer@luctus.com,Hayden,Gallegos,89-09-29,USMPV68789,4,440585,26048,81779,3,968,No
eu@laoreetlectus.co.uk,Jorden,Blackburn,88-02-20,RMHTH67692,4,290863,29350,62490,8,936,No
lacus@Fuscedolor.net,Brianna,Clarke,93-05-02,EHQGW92600,2,969158,98975,86934,9,709,Yes
sed.sapien.Nunc@urnanecluctus.edu,Imogene,Vega,60-12-26,JTLTB89093,3,180588,66954,86509,4,964,Yes
luctus.vulputate.nisi@Phasellusnulla.co.uk,Tad,Cardenas,93-06-19,RYITX64448,3,565684,40702,78375,5,214,Yes
eu@arcu.co.uk,Christen,Wiley,56-01-26,VPUIS95147,5,636408,25421,37959,4,209,Yes
egestas.Aliquam@Vivamus.org,Blake,Ratliff,76-12-09,TGNHX54583,1,591393,44377,44617,4,161,No
parturient.montes@ipsum.co.uk,John,Chavez,90-04-27,MYYVZ36634,3,137688,97594,55941,3,578,Yes
penatibus@Nulla.com,Sopoline,Sellers,59-06-24,ZNQBU37904,5,867518,19563,28561,7,834,Yes
dapibus@justofaucibuslectus.com,Vincent,Guerra,65-12-24,NLKOY33172,2,428521,30652,20836,7,867,No
tincidunt.congue.turpis@risusa.com,Karleigh,Klein,63-05-20,PDWHZ11863,1,905936,37059,95658,6,363,Yes
Quisque.ac.libero@euplacerateget.org,Hedley,Hammond,87-10-12,SWPYB89505,5,235800,85147,80014,3,936,No
libero.mauris@nec.com,Omar,Frazier,91-02-04,QHHJO92847,2,461744,74096,31371,9,996,No
faucibus@anteipsumprimis.org,Brent,Barrera,84-07-11,TFLUH36434,4,123098,41537,34999,7,933,No
nisl@auctorvelit.co.uk,Demetrius,Rosa,72-07-10,GGYIL88318,2,129556,74798,76602,7,807,No
amet.diam.eu@vitaeerat.edu,Jarrod,Carroll,91-05-14,LLZVQ42839,1,844473,91149,18769,6,611,No
et.magna@Duisgravida.com,Maxwell,Tran,52-11-16,UYBDU75794,1,271762,31369,36250,10,635,Yes
eu.tellus@Phasellus.net,Chaim,Reid,73-08-07,ZVIIO32582,5,409084,22246,77801,10,940,No
a.scelerisque@aliquetvelvulputate.co.uk,Jelani,Fox,87-11-25,PYFZX68273,4,819494,99188,65513,8,982,No
Praesent.eu@ut.edu,Montana,Gordon,74-04-07,KAEUI10124,2,297104,62995,90966,9,136,No
vitae.posuere.at@Donecporttitor.com,Clinton,Durham,95-02-14,PLPMW01157,2,767229,80259,95638,9,882,Yes
natoque.penatibus@mauriserateget.ca,Raven,Haynes,54-12-11,MQUVE57739,1,446260,94213,59502,5,834,Yes
nibh.sit.amet@pedeCum.net,Vielka,Joseph,98-07-13,JVOFF18646,4,699882,12114,21599,4,213,No
ac@interdumlibero.edu,Scarlet,Greer,64-05-23,PVVHY37007,3,891165,17558,53981,5,728,Yes
ornare@tellusimperdiet.ca,Richard,Watson,95-07-19,OUGNY26023,3,130201,44389,87920,5,483,No
Nunc.laoreet.lectus@orciin.com,Gisela,Parker,86-02-12,YULCI82479,2,953261,28598,87266,4,241,Yes
laoreet.libero@rhoncus.org,Lillian,Hayes,77-05-15,PGKGG28218,2,419156,49194,64784,7,613,No
libero@nonmagna.com,Grace,Ingram,74-09-23,KPVUA30056,4,112919,93958,65262,3,475,No
nunc.sed.libero@mollis.net,Wayne,Williams,59-01-15,CZJTF03508,4,919943,61360,52620,5,134,Yes
nisi.nibh@milorem.co.uk,Violet,Mccullough,59-02-17,OQFYJ55720,5,624586,13285,71780,8,128,Yes
a.neque@Fuscemollis.co.uk,Chandler,Kramer,83-02-19,GXOJE11326,4,305227,71179,96377,8,761,No
ullamcorper.velit.in@Sednulla.com,Dorian,Macdonald,70-08-13,HHUMN40273,4,398982,40523,44643,6,442,Yes
ante@consequatauctornunc.net,Jasper,Rosales,66-03-24,BOHQZ31826,2,132001,77877,19446,10,133,Yes
mattis@enimmitempor.co.uk,Alden,Wallace,56-07-13,AWHJF92503,1,589184,96485,35448,3,552,No
erat.volutpat.Nulla@aliquetmolestie.com,Britanni,Walton,53-07-22,COLAH54125,5,478059,88222,14016,10,214,No
lorem.luctus.ut@diamDuismi.edu,Abdul,Santos,69-10-20,KUNPA44725,1,195170,33210,99099,8,900,Yes
justo.eu.arcu@sempercursusInteger.ca,Ezekiel,Slater,97-11-02,DCFNV32109,5,356976,30695,85179,9,987,Yes
fermentum@sem.org,Lewis,Montgomery,89-06-27,LVCHB87207,4,632946,72936,22460,7,568,Yes
mus.Proin@Aeneangravida.edu,Thaddeus,Floyd,71-04-24,XEBPL19930,5,779587,67921,12718,10,149,Yes
Ut@malesuada.net,Oliver,Mcdaniel,79-11-25,KQXKG28478,3,190591,52750,69498,5,166,Yes
dis.parturient.montes@montesnascetur.co.uk,Meredith,Cox,70-10-30,ZFUGH88542,2,261434,48092,59345,8,331,Yes
cursus.Integer@odio.edu,Quintessa,Buckley,80-12-22,NFSYQ53250,4,189033,90235,91516,10,533,Yes
neque.In@Duisa.com,Lavinia,Mccall,55-09-20,YKEAW70944,3,307262,24588,11019,10,590,No
Quisque@liberolacus.edu,Carla,Gonzalez,78-01-16,XSKJI88273,2,722837,55098,12572,7,463,Yes
Ut.tincidunt.vehicula@egestasblanditNam.net,Ezra,Castillo,98-07-27,VEAIW90269,5,883227,72879,34838,6,985,Yes
luctus.et.ultrices@magnisdisparturient.ca,Kermit,Bean,75-03-29,NTDFU97981,1,127708,88708,46625,8,416,Yes
Aliquam.auctor.velit@sitamet.net,Kevin,Guerra,88-10-18,GVXKM57952,3,936913,30746,11974,3,149,No
nisl.Maecenas.malesuada@liberoProin.net,Courtney,Howard,50-09-10,ADBSJ30828,4,194724,79035,42901,10,564,No
vel.lectus.Cum@Aeneaneget.com,Dalton,Pena,88-02-01,VYDYR41634,3,761020,77074,26987,10,114,No
tellus@Curae.org,Hadassah,Gay,66-08-13,SZKPN46910,4,570672,26537,29428,5,685,Yes
Curabitur.egestas@Morbisit.edu,Abraham,Casey,86-03-05,GHMBU09146,2,356434,24227,60795,5,842,Yes
dictum.placerat@enim.net,David,Clark,57-08-19,QPJWL84288,3,110918,84378,50025,6,583,Yes
odio@nibhsitamet.edu,Garth,Lopez,85-10-23,RPNSL30503,2,587291,35579,44289,3,923,Yes
tristique.senectus@nunc.ca,Ignacia,Kirkland,50-06-11,OCAZC32804,2,411458,61323,95540,8,323,Yes
Nullam.scelerisque.neque@tellusjustosit.co.uk,Gloria,Mcintosh,61-10-19,PISDG83840,5,310826,48162,80971,6,603,No
nonummy.ut@Namligula.ca,Holmes,Mejia,62-05-29,YSVKM28212,2,255690,70275,43097,10,315,Yes
quis.turpis@lacusUt.ca,Owen,Haney,71-05-07,JODMY59616,5,563666,85919,27486,5,180,No
metus.sit.amet@cursusluctusipsum.ca,Kermit,Slater,52-04-10,RZZKC81820,3,940213,49968,15921,8,768,Yes
vitae.dolor@aneque.org,Griffin,Combs,52-12-26,ABSUD55495,1,530816,91960,23337,3,870,No
vel.quam@necurnaet.edu,Martha,Curry,53-07-15,DHYXE33305,4,700134,29967,67572,8,149,No
eu.tellus.eu@purus.co.uk,Belle,Oneill,71-08-26,GVBBQ75418,4,986636,60896,82903,3,912,Yes
amet.luctus.vulputate@utquamvel.ca,Hyatt,Holt,56-07-29,OEAZY33107,3,356222,53992,29612,9,683,No
fermentum@enimsit.edu,Alexa,Summers,63-09-17,CPPKB79601,2,177251,55980,26417,5,738,Yes
In@duinecurna.co.uk,Amanda,Thompson,62-02-11,JRAPP67134,2,280825,28524,32662,5,924,No
tristique.pharetra.Quisque@Duisatlacus.org,Fulton,Hardy,80-06-10,LNMLG38082,3,870568,40736,21356,6,953,Yes
neque.vitae@gravida.com,Vanna,Becker,72-06-19,GXMGU36690,1,444310,87018,94453,6,782,Yes
interdum.enim.non@Phasellus.com,Jacqueline,Johnston,54-05-27,PNOXL85943,5,435141,17606,12731,6,728,Yes
cursus@nuncsitamet.edu,Teegan,Bolton,59-05-15,PGLSA06898,4,304365,73259,28377,3,759,No
facilisis.Suspendisse@faucibus.org,Owen,Parker,78-06-06,QMMEX43444,5,211018,30119,37259,6,101,Yes
egestas.lacinia.Sed@accumsaninterdum.ca,Risa,Riggs,52-06-17,CGYWY25570,3,177984,43089,51005,9,360,No
bibendum.sed.est@ligula.co.uk,Barrett,Sims,98-07-21,VBYIB94584,3,122167,46644,24632,6,157,No
adipiscing.Mauris.molestie@liberoDonecconsectetuer.com,Neil,Perkins,69-08-14,YCPTY27419,2,649669,45391,83761,7,762,No
elementum@Phasellusataugue.org,Sydnee,Ellison,82-06-08,MCKDH03841,4,378477,99494,87511,5,709,Yes
est.arcu@lacusUt.co.uk,Zeph,Reed,89-08-08,HNIWY22316,1,933909,32508,10788,8,879,Yes
Duis@magnaSedeu.net,Mikayla,Nunez,67-04-16,YLSQL54731,4,951681,10716,32026,7,379,Yes
neque.Nullam@etmagnis.com,Leilani,Mcgee,78-01-28,RBNDS08646,3,561035,69397,51472,5,491,No
eu.ultrices.sit@iderat.org,Anika,Griffin,84-10-09,VUNCF25317,4,709877,34779,63665,9,338,Yes
feugiat.tellus@odioNaminterdum.org,Heidi,Joyner,66-03-11,EIDWE29406,4,916470,79024,69170,4,593,No
feugiat.Lorem@acfermentum.edu,Raphael,Johnson,67-07-17,EQRYO01514,2,371875,13508,63772,7,731,No
sapien.imperdiet.ornare@vel.org,Lysandra,Pitts,54-03-02,SYEER99956,1,913310,89140,94581,6,766,Yes
vitae.diam@blanditmattis.net,Whitney,Huffman,77-11-29,FMQZK59529,5,857044,55259,97539,9,324,No
augue.id.ante@elitpellentesquea.edu,Audra,Massey,67-12-27,RPUTT45473,5,480330,98456,22486,6,540,No
porttitor.scelerisque.neque@rhoncusidmollis.edu,Cara,Vega,88-08-10,XJSHL48806,4,864540,71837,34834,8,630,No
Pellentesque@nec.ca,Thomas,Sweet,86-07-02,CLWWF74416,3,161763,82790,56031,4,915,No
auctor.velit@velit.edu,Imani,Lynn,54-05-22,LYNBY30096,2,856898,37560,53248,3,700,Yes
Fusce@netus.ca,Pandora,Hall,87-12-16,OBVQN98429,4,713447,45650,50533,8,944,No
lorem.vitae.odio@Sedmolestie.ca,Hiram,Garcia,61-12-24,RLAYU52072,1,261552,61268,92194,8,118,No
blandit.Nam.nulla@ipsumprimisin.com,Nicole,Hoover,89-04-15,IHNST44688,3,874867,75723,87123,10,747,Yes
Donec@arcuCurabiturut.com,Kevyn,Morse,98-09-25,VWKKB57734,2,753918,73882,40786,10,922,No
eros@mollisnec.com,Jolie,Bright,94-03-30,HTQEQ57473,2,673088,84552,87782,4,874,No
sem.ut.dolor@musProin.com,Pandora,Stephens,94-11-03,FFCBV24330,1,795573,98957,69284,9,840,No
sem.vitae@dolorNulla.net,Alexis,Melendez,78-02-02,FBMPU08932,4,624501,15952,27001,7,968,Yes
porttitor@Crassed.net,Leigh,Cote,66-06-03,OZGWI87450,4,439006,76209,64518,3,139,Yes
sit.amet@ligulaDonecluctus.net,Daquan,Harper,61-02-14,BCDTT72798,2,830758,48896,57924,10,866,Yes
In.at.pede@risusDonec.net,Aurelia,Rocha,86-04-15,AMKMM50946,4,954390,20171,98193,5,847,Yes
Suspendisse@velvulputate.org,Britanney,Johnson,99-02-07,INDIW31019,2,634196,46788,36339,8,404,No
convallis.est@Sedmalesuadaaugue.com,Jelani,Warren,56-09-03,SVNNN68857,5,668854,35193,79894,4,242,No
nulla@Nulla.co.uk,Oprah,Brennan,97-01-17,SOFKQ19757,1,596948,45005,77452,4,359,No
in@ametrisusDonec.net,Cameron,Barnett,95-07-08,QXQXG72387,2,694148,27255,45623,4,546,No
vitae.diam.Proin@nequeIn.com,Lois,Maynard,93-12-14,XEFZN38085,5,374929,16351,94126,5,695,Yes
Aliquam.ornare.libero@acnullaIn.ca,Ian,Bennett,93-09-18,LYKON14496,3,483197,85701,32364,8,190,No
nisi.dictum.augue@Nullamvelitdui.net,Evangeline,Kerr,99-12-06,HOINR35490,2,730016,67666,56216,5,668,Yes
fringilla.ornare@egestasDuisac.org,Kirk,Kirby,68-10-29,NROJR16972,2,759924,48547,16837,4,206,Yes
dolor.quam@viverraMaecenas.net,Claire,Park,70-06-10,JAQJA06626,4,378102,31557,58650,5,114,No
ut@Duis.co.uk,Constance,Avery,53-01-19,ZBTXN89772,5,736854,23606,12510,5,513,No
amet.ultricies.sem@pharetraut.co.uk,Kylynn,Gregory,62-12-08,OKCKM06164,5,190943,75676,16467,9,640,No
nisl.Nulla@pretiumaliquet.com,Kellie,Donovan,73-06-12,PZMWP25774,2,206616,79749,29397,6,526,No
mi.tempor@ametconsectetuer.net,Ashton,Peck,70-10-25,SABUD21163,5,552222,59316,95809,4,100,Yes
nulla.In@mollis.com,Kirestin,Prince,79-12-31,KLPDV90474,5,798215,33124,60169,9,110,Yes
enim@sitametrisus.ca,Avye,Lucas,96-11-27,UTNLU36274,2,155110,60618,86904,10,180,Yes
interdum.libero@Donecest.co.uk,Cedric,Logan,59-03-27,JZZGX41674,4,437635,66620,55538,7,395,Yes
lectus.sit@utdolordapibus.ca,Perry,Davidson,50-09-14,SRZST69530,1,917402,30940,32316,10,226,Yes
Vestibulum.accumsan@augue.co.uk,Kitra,Colon,81-03-13,QUHQJ33477,4,397655,27541,70412,7,820,No
Ut@elementum.ca,Gabriel,Flynn,75-08-24,DUEPZ93030,5,279608,86947,36890,5,470,No
tincidunt@blanditNam.ca,Wing,Nelson,89-04-18,DVIMI07767,2,421214,58614,58220,6,925,Yes
sapien.imperdiet.ornare@luctusipsum.edu,Benjamin,Shaffer,99-12-08,LAAWZ96179,2,256710,75170,31817,6,555,Yes
adipiscing.elit.Etiam@libero.edu,Sloane,Crawford,92-04-11,UJVXA34458,1,605573,66029,50307,4,194,Yes
rhoncus.Proin@egestasrhoncus.com,Conan,Bowen,92-03-17,AQZDK92920,2,675651,84677,15995,9,879,Yes
erat@vitaedolor.net,Cade,Gilbert,85-03-20,NBEBC78574,3,898094,88289,39226,8,515,Yes
dapibus.rutrum.justo@variusNamporttitor.com,Kibo,Riddle,61-06-17,YRWIU16599,4,775431,14535,65964,7,186,Yes
ipsum.Suspendisse@feugiat.edu,Upton,Nash,66-03-05,WMUXC95813,1,832464,26751,49422,4,174,Yes
a.felis.ullamcorper@nuncQuisque.com,Anjolie,Goodwin,75-04-03,KQTJD15677,4,278473,17042,40266,7,967,No
quis.urna.Nunc@vitaeorci.com,Neville,Mclaughlin,89-07-25,QXVNF74680,4,722755,96856,70604,5,996,No
dui@Utnecurna.net,Lester,Molina,84-08-29,ADADY53908,3,797613,55429,49090,8,440,No
ullamcorper@litoratorquentper.com,Amanda,Brock,75-04-21,BTVKV53021,1,576747,58648,97598,10,764,Yes
dictum@mattissemperdui.com,Stacey,Lang,54-05-07,FIWND11823,4,169810,42297,93461,5,409,Yes
Morbi@Proindolor.co.uk,Bryar,Key,89-07-13,EVWCF20514,4,526444,67246,59095,10,667,No
enim.Mauris@Aliquamrutrumlorem.com,Amery,Kim,73-04-22,XLTKE87505,4,530806,11832,82108,5,219,Yes
Ut@nuncInat.net,Joel,Baker,86-04-22,FVICL63131,2,639187,60198,49238,4,595,No
ornare.placerat@lobortis.co.uk,Alexa,Frank,53-11-16,XZKHW20332,5,247483,71522,12118,7,411,No
tellus@volutpatornare.org,Martina,Lane,51-11-29,KJAXJ48925,1,212164,48662,30701,4,657,No
odio.tristique@mi.ca,Thomas,Bradley,79-04-08,FBPUW37725,2,357573,16644,73186,4,630,Yes
sit@dictum.co.uk,Vladimir,Richardson,51-01-21,FJUDV13225,2,737604,21954,21578,6,172,Yes
ut.mi.Duis@ametluctus.co.uk,Kaitlin,Buckley,68-02-03,AGRSY23673,5,542789,37353,46128,9,130,No
ut.erat@Duissitamet.net,Xenos,Hurley,50-04-02,NUCLK87006,5,251287,11821,19391,10,734,Yes
Quisque.libero@Pellentesque.net,Adele,Bernard,71-12-15,PPIKN65474,4,394712,75051,28787,9,617,No
dignissim@elitCurabitur.ca,Phillip,Patterson,83-01-25,XCGVN65071,4,837126,68296,68126,7,138,Yes
nunc.nulla@euplacerateget.edu,Jonas,Callahan,78-12-18,YWTHQ39760,3,628401,48171,38568,6,404,Yes
diam.nunc.ullamcorper@mus.com,Orli,Shannon,89-09-03,MJQTO55882,2,707153,32930,90499,10,310,Yes
metus.Aliquam@velit.co.uk,Brittany,Gomez,74-05-16,BDGSX79695,4,734902,26885,38297,8,169,No
tincidunt@nonbibendumsed.com,Giselle,Powers,93-04-05,SAZQX64907,3,206054,46016,61280,7,629,Yes
orci@SuspendissesagittisNullam.net,Jared,Pearson,88-09-12,WLUBG75767,5,560307,61668,33220,8,888,No
risus.a.ultricies@Sedidrisus.co.uk,Rafael,Diaz,78-09-07,KKXCW82071,4,466123,98332,17059,10,855,Yes
pede.Suspendisse@sagittisfelis.com,Andrew,Phelps,89-09-09,WMPGI02011,5,677762,66546,87366,9,148,No
Praesent.eu.dui@nibh.co.uk,Philip,Sampson,56-12-22,QFXJV23563,1,457712,43013,99513,10,265,Yes
urna.Nunc@iaculis.net,Malcolm,Ware,89-09-02,JNSYO34704,4,181858,29947,67286,4,357,Yes
consequat.purus@duisemper.com,Oren,Hensley,56-06-10,CITQG26668,4,574767,27342,97124,5,522,Yes
porta.elit@nislQuisquefringilla.com,Vladimir,Velasquez,85-11-05,GLDZA95710,3,622333,45971,70952,4,469,No
commodo.at.libero@malesuadafames.co.uk,Duncan,Stark,62-02-23,VBXNK74720,3,308083,86521,84347,6,218,Yes
mauris@congueturpis.org,Ivana,Figueroa,82-01-17,AJHFZ96478,5,991659,37682,54338,4,833,Yes
libero.nec@libero.edu,Mira,Dudley,99-03-30,GXACL87681,2,776980,65903,75569,7,701,Yes
Mauris.eu@rutrum.co.uk,Jin,Sparks,63-10-06,OIELE15344,1,193685,83833,76799,5,177,No
Donec@commodo.ca,Marah,Hardy,55-03-13,ZMZWH57551,5,140756,38198,44970,9,165,Yes
velit.justo@arcuac.ca,Sydnee,Perry,68-08-01,LGLXC00970,3,559927,60157,99938,6,928,Yes
arcu.vel.quam@ornare.com,Gareth,Bradley,91-06-01,YZXGA23761,1,281370,65513,82875,7,735,Yes
Lorem.ipsum.dolor@aptent.edu,Nathaniel,Barron,63-08-20,XJDNX56366,4,743903,49088,86986,4,187,Yes
placerat.augue@ipsum.co.uk,Thaddeus,Buckner,89-06-12,BIDPK26571,3,963724,74623,64072,6,282,Yes
aliquet@tristiquepharetra.org,Illana,Pena,64-03-21,ZJMGX08784,1,241154,27223,68569,4,855,Yes
sit@molestiearcuSed.org,Rhoda,Robinson,75-12-01,JDJEM19679,1,763378,13620,64669,6,614,No
risus.at@nibhAliquam.ca,Norman,Cox,94-06-06,NMXYI58995,5,352517,57290,55895,4,810,No
non.quam.Pellentesque@tinciduntcongue.ca,Callum,Puckett,98-04-21,SBAMZ21790,1,724587,30816,10364,6,695,No
arcu.ac@Proinsed.co.uk,Mariam,Barron,83-04-19,TNAHR08655,4,208527,78483,38600,5,145,No
Cras.vehicula@ametorciUt.net,Athena,Black,52-04-16,TPLEO05368,4,302704,37222,35924,10,220,No
quis.tristique.ac@eleifendCras.co.uk,Quinlan,Sykes,85-12-05,YGDOT92200,3,691617,45363,73282,8,601,Yes
Lorem.ipsum.dolor@senectusetnetus.com,Demetrius,Webb,98-02-22,IXATO35972,2,368140,88890,85531,7,456,No
commodo@SedmolestieSed.net,Ferris,Adkins,86-04-15,TGZCK93878,3,984450,57936,90774,5,635,No
enim@placerat.org,Driscoll,Caldwell,97-01-29,NYEWF04681,2,662627,35750,27242,10,638,Yes
vestibulum.neque@sit.ca,Zachary,Weaver,69-12-15,RNAPX05717,1,272876,87792,71356,5,782,Yes
vitae.nibh@eu.net,Patience,Parsons,62-09-30,AGGCJ24789,2,471707,97931,46415,3,930,Yes
sed.dui.Fusce@eget.co.uk,Edan,Lopez,88-08-16,VTTAM36070,3,849615,56434,43286,3,318,Yes
sit@aliquetnecimperdiet.org,Doris,Stephenson,89-04-14,BLQKW00816,2,335014,40124,62451,10,279,Yes
felis.purus@tempusnon.org,Ivor,Williamson,56-07-03,FBPSA37677,5,936147,78048,53678,6,861,Yes
vulputate.posuere.vulputate@sit.com,Ifeoma,Molina,51-10-23,MVLHI98593,1,533260,67044,91602,10,649,No
luctus@nuncullamcorper.co.uk,Kelly,Richards,85-04-11,MQRJO80166,4,913353,79041,13264,8,722,Yes
ullamcorper.velit@etmagnis.com,Noah,Fletcher,64-12-18,KUZVR06170,3,483455,42340,58354,6,734,No
sed@Morbi.net,Harper,Joyce,50-02-25,KCSIP46519,3,331318,57241,17241,8,874,No
lacus@estNunc.net,Ethan,Fischer,61-01-09,FPOBR03385,4,444608,11449,17270,9,134,No
sagittis@arcuetpede.org,Ulric,Cameron,73-03-03,HCXWQ07350,3,712322,47291,93544,5,226,Yes
penatibus.et@anteVivamusnon.org,Griffith,Lamb,86-04-04,KWYEJ86251,4,838233,24443,18224,6,276,No
interdum.ligula@Curabiturut.net,Barrett,Contreras,54-03-07,EXYEZ25553,3,152604,69941,25273,5,408,Yes
metus.vitae@gravidaPraesenteu.net,Thane,Berger,91-01-24,GSVCQ89861,5,911223,76216,11768,5,551,No
dolor.sit@tacitisociosqu.ca,Malachi,Lawson,70-05-02,QCTVE62703,4,307001,16120,79105,9,366,Yes
tellus.sem@nislelementum.co.uk,Jael,Whitfield,98-08-07,PIPOV53878,1,287565,42854,27144,8,257,No
Cum.sociis.natoque@diamvel.co.uk,Leila,Sanders,93-08-29,FPMXO80296,2,205783,84478,66408,7,938,No
Sed.neque@malesuadavelconvallis.org,Malcolm,Lynn,71-10-09,FUIRM68818,4,422248,44053,61836,8,967,No
ultrices.iaculis@vitaerisus.ca,Jemima,Talley,80-01-02,LWTAQ19588,2,298419,51131,14321,10,435,No
sollicitudin.a@loremegetmollis.com,Audra,Mcmillan,85-01-22,JTIMR30983,4,841108,36643,98087,7,420,Yes
eget.laoreet.posuere@parturientmontes.edu,Kiona,Frank,50-10-12,IHEBM04447,4,963406,54173,78779,5,734,No
placerat@aliquam.net,Karen,Mcdaniel,99-07-20,PJEQR92836,1,143796,92548,45497,7,884,No
et.magnis.dis@molestie.edu,Mia,Lloyd,61-01-21,BRPSV31372,1,557807,74513,51820,7,753,Yes
tempus@malesuadamalesuada.com,Branden,Wells,90-01-18,XMXRL12596,3,377281,17453,58974,10,967,No
urna.Ut.tincidunt@dui.net,Sylvester,Gillespie,75-11-21,TLDYT29725,1,288477,21516,62370,3,706,No
in.faucibus@Maurismagna.ca,Kibo,Dillard,94-06-09,AUFIQ51656,1,426359,33769,27379,10,652,No
bibendum.ullamcorper@habitantmorbi.co.uk,Griffin,Townsend,65-07-07,KSZZN00243,1,825326,54430,41005,6,802,No
luctus.aliquet@risus.edu,Upton,Reese,62-07-14,UGZXO64933,5,387402,86403,57927,7,665,No
ullamcorper.nisl@auctorquistristique.co.uk,Hiram,Vang,55-10-04,RXAMM97419,2,996112,10149,55990,6,753,No
Nullam@Nullaegetmetus.com,Brooke,Gallegos,74-05-02,VCTMU04626,4,455257,36506,85859,3,713,No
mi.ac@magnaSuspendisse.ca,Leila,Stephenson,77-12-22,YMLIB53979,2,587337,17929,75851,10,190,No
arcu@ligula.com,Yardley,Reyes,90-08-14,LXKHK37224,3,845273,95465,94040,4,940,No
ornare.elit.elit@sed.com,Ulric,Hays,73-03-06,FZUHO45145,1,449990,49021,85599,6,607,Yes
malesuada@variusNamporttitor.ca,Zane,Cooper,67-09-11,OKMXQ94278,2,939028,75575,97153,4,673,Yes
id@senectusetnetus.ca,Adam,Phillips,71-01-27,DLVGP53506,5,907109,13927,13425,10,922,No
ante@congue.net,Abel,Snow,73-06-19,JHIHW90995,4,133186,52815,95158,8,339,No
mollis@quis.ca,Gil,Rollins,72-03-02,YUCIQ41512,4,642396,74069,29367,8,188,No
Phasellus@justo.edu,Jolene,Ayala,92-09-19,NLEJM66248,4,704675,33710,46062,4,863,Yes
ac@Integer.org,Jessica,Terrell,61-01-13,BMVMJ84742,5,372687,98070,62159,3,181,No
eu.sem.Pellentesque@Nam.net,Zeph,Bates,74-05-29,ILGMA05836,5,126953,45295,23524,7,353,Yes
sapien@Aeneangravida.edu,Bell,Morrow,92-03-10,FBCNE65046,1,405884,83056,47539,3,917,No
amet.dapibus@nisi.edu,Christen,Sharp,78-10-23,OXTEM92517,1,138173,20337,59741,3,101,Yes
lacus.vestibulum.lorem@turpisegestas.ca,Halee,Padilla,59-10-23,YYNAI98343,3,333526,34940,35581,8,660,No
ac@fames.net,Tanya,Kirk,64-01-06,VMUAI34745,2,929236,74002,57457,6,761,No
et.magnis@ligulatortordictum.co.uk,Mary,Lewis,54-04-02,CGQFT59100,5,947296,38257,49245,4,767,No
ligula@vulputate.org,Uta,Walter,51-08-15,BEWJG91353,5,782867,30799,51335,3,664,Yes
sed.hendrerit@purusaccumsaninterdum.net,Amity,Dominguez,67-09-01,WCHRY60527,1,419698,50203,12665,10,353,Yes
Nunc@sagittis.edu,Velma,Avila,90-08-05,DOCSX66011,5,275448,61785,81959,6,345,Yes
vitae.aliquam.eros@massa.org,Imani,Dodson,81-10-31,DLQTH22235,5,533417,19674,32784,7,397,Yes
pede.ac@CurabiturdictumPhasellus.com,Sandra,Moore,97-02-23,IGVFI88287,5,703433,55814,66390,4,832,Yes
tempus@vitae.com,Melvin,Spencer,92-11-25,ZDBWP15655,4,875718,55456,65087,9,854,No
libero@Fusce.com,Brenda,Gonzales,82-09-14,BLUHW68185,4,372734,70839,35833,3,805,No
pede.et@vitae.edu,Randall,Mann,63-08-10,JTWDK32708,2,262617,86284,82746,4,949,No
conubia@mollis.co.uk,Stella,Rocha,50-04-28,ZYHXI69502,1,769328,63866,37231,8,516,Yes
quam.Curabitur@felis.edu,Christopher,Neal,55-03-24,CIPRB38410,5,652095,39588,49548,3,414,No
blandit@parturientmontes.edu,Indira,Cherry,77-01-16,BRHEM27648,2,974306,23465,29752,6,457,No
erat@pedeNunc.edu,Hilda,Melendez,62-08-15,TZVCY45768,1,371990,42006,88912,10,728,No
in@Pellentesquehabitant.net,Evelyn,Cook,88-11-09,XRZVC26761,5,587571,78988,27437,5,180,No
Cras@SuspendisseeleifendCras.edu,Colin,Tillman,65-03-19,DHLLC74633,5,210879,66502,15109,10,784,Yes
Sed.congue@necante.net,Illana,Gross,87-09-24,KHKDA39353,3,760317,16216,93908,4,997,No
bibendum.ullamcorper.Duis@ridiculusmus.org,Fletcher,Byrd,95-03-29,OFSSG20785,3,472880,71096,31296,6,735,No
erat.volutpat.Nulla@Pellentesquetincidunttempus.ca,Olympia,Macias,82-07-27,WEJIG76143,3,614660,27409,49975,8,154,Yes
Aliquam.tincidunt@duiquis.edu,Nehru,Ray,53-03-07,VSTNJ98282,5,353604,14473,45920,6,690,Yes
lorem@disparturientmontes.com,Shad,Donovan,86-04-08,FIBWM75547,2,670731,47868,19427,6,273,No
nunc.ac.mattis@eros.org,Melinda,Larsen,52-06-09,QSITT45565,2,710453,77433,55486,9,620,No
ac@egestas.ca,Vaughan,Boyd,84-06-01,PMPIK00196,2,370983,24457,78540,9,638,Yes
neque@aliquam.com,Roth,Hurst,87-04-24,CMEVK36155,2,281216,47796,75744,3,719,Yes
nec.cursus@necurnasuscipit.org,Chloe,Watson,58-09-17,TFSGQ18833,4,863576,13721,72236,10,525,Yes
elementum.lorem@arcu.ca,Lucius,Joseph,82-07-08,RZJLA56248,3,156968,34372,88547,5,502,No
massa.Quisque@porttitorerosnec.org,Wynter,Rivera,55-08-16,WBGII01977,3,801842,68133,38834,8,937,No
tincidunt@Nullaaliquet.edu,Shad,Bauer,86-05-14,HNBOZ70549,5,358502,27449,57668,3,849,No
ultrices.sit.amet@felis.co.uk,Jescie,Mccormick,92-01-09,KKCFU44515,5,845142,60387,83384,4,630,No
odio@eliterat.com,Kirk,Boone,89-09-04,JJFOB09494,5,316131,40928,47173,9,584,No
arcu@tempordiam.co.uk,Hall,Kelly,73-05-25,CGTHC21154,2,961037,77395,39112,10,627,Yes
sagittis@nunc.com,Lani,Wilkins,54-04-16,BYKVD11574,4,658155,71285,45009,5,445,Yes
tellus.faucibus.leo@Integerin.co.uk,Ciaran,Rodriquez,56-07-27,RBUUQ50489,5,645647,54320,68712,4,594,No
elit.pretium@noncursus.edu,Tanner,Jarvis,73-03-09,KVQRD00131,1,789334,31329,14016,7,293,Yes
sem.eget@elementumduiquis.edu,Signe,Patrick,92-04-13,CTMNK54435,2,437645,41006,44152,9,898,Yes
malesuada@enimEtiam.net,Eve,Bullock,64-01-19,TSFHD60522,4,776374,56095,78991,3,492,No
malesuada.vel@justosit.net,Summer,Ford,55-02-18,PLNDR40437,5,313961,36850,23142,8,572,Yes
in@diam.edu,Desiree,Everett,91-01-04,CSGDL93132,3,192851,11921,32521,4,630,No
ante.ipsum@Inmipede.net,Haviva,Blankenship,80-01-24,OXCUX95015,5,398241,45647,89287,4,240,No
egestas.ligula.Nullam@montesnasceturridiculus.ca,Ivan,Joseph,90-06-08,SZEGF34048,2,405408,44567,64242,4,357,Yes
augue.id@velmauris.org,Wing,Farmer,81-10-08,VAGDV97471,4,988566,76320,57389,3,724,Yes
est.Nunc.ullamcorper@InfaucibusMorbi.com,Glenna,Mullen,61-02-14,JMEOU70617,5,443008,36528,48162,8,647,Yes
augue.porttitor.interdum@venenatis.co.uk,Regina,Colon,91-01-14,QYLOJ18570,3,546717,12138,38156,7,688,No
diam.at@ascelerisque.com,Beatrice,Harvey,79-04-23,MAHAI11545,1,269876,35887,64196,10,684,No
non@augueSed.com,Guy,Pace,93-06-21,PGNWW80680,3,978988,41755,53768,3,159,No
ac@Nullamut.ca,Elton,Montoya,79-08-04,RIAGU10904,5,352727,60880,81660,4,674,Yes
vel.faucibus.id@maurissagittisplacerat.edu,Sean,Blanchard,95-12-16,BLEEB85613,5,147165,45322,29682,3,438,No
convallis.ante@felis.net,Jennifer,Morton,82-09-23,VYDDY85750,3,169358,69506,27598,8,885,No
porttitor.tellus.non@Cumsociis.com,Macy,Mcclure,98-11-22,RDGME08942,2,868387,49901,91937,8,369,No
suscipit.nonummy@vellectus.com,Melvin,Tate,77-12-01,IAEVK72858,5,916678,15193,36528,7,423,No
Ut.tincidunt@vel.com,Dorian,Carter,95-12-11,OUTRI71723,4,852373,92246,67774,5,456,No
pharetra.ut@ametorci.edu,Maxwell,Kirby,54-03-08,BMUTN72099,1,488147,74674,13425,8,378,No
Nunc.laoreet.lectus@Sedpharetrafelis.net,Cody,Barnes,81-10-16,PVGBY88395,1,191064,60074,77922,3,548,No
iaculis@pellentesqueegetdictum.org,Farrah,Willis,92-11-22,FFRFW10794,2,392963,61385,86469,7,284,Yes
sodales@nonummyipsumnon.co.uk,Chase,Oneill,65-04-05,SCHZX60814,2,132402,28694,51696,5,458,No
cursus.non@Duisvolutpat.ca,Charissa,Sykes,60-10-17,IHLUQ71728,5,654524,35626,42619,9,717,Yes
ac.eleifend@quis.net,Clio,Foreman,70-10-15,OZXNW59480,2,669028,15936,82646,8,482,Yes
imperdiet@ataugueid.edu,Talon,King,75-09-15,IQTNO62606,2,448925,78575,93890,7,935,No
Donec.porttitor.tellus@sagittis.edu,Sophia,Dyer,88-08-24,BIBIN65305,5,382505,84212,57116,8,265,Yes
nulla.vulputate@urnanec.co.uk,Darius,Glass,74-12-17,BKGHO04983,5,566600,33402,51438,3,963,Yes
in.sodales@atlibero.edu,Nissim,Patel,70-06-30,YMFQB21257,5,373737,25012,94486,4,684,Yes
massa.Integer@convallisestvitae.edu,Drew,Bender,62-02-10,XCMIQ14614,5,404898,95681,88449,5,131,Yes
eget.ipsum@velit.com,Joel,Beck,64-10-18,PQYTT49054,4,824830,77337,65482,7,868,Yes
non.magna.Nam@InfaucibusMorbi.org,Shad,Conrad,71-07-05,KAFCV69709,4,653510,42298,73441,5,553,No
aliquet@sociosquad.org,Zia,Larson,73-12-15,RUGKY37354,3,732833,44638,66308,5,476,No
nonummy@sem.edu,Joel,Hatfield,58-02-16,IVSIH74146,4,402097,26234,20033,10,334,Yes
nunc.est@elementumpurusaccumsan.co.uk,Wylie,Mccarty,92-03-12,NKRJT44944,5,114946,75931,24962,7,547,No
Curabitur.egestas@sagittisaugue.edu,Charlotte,Santos,66-11-08,OONLV69948,3,984851,53347,22973,7,892,No
Phasellus.fermentum.convallis@eueleifend.edu,Ezekiel,Slater,64-10-17,LLGBK86485,1,449679,43642,64159,6,573,No
consectetuer.rhoncus@adipiscingligula.edu,Dominic,Carney,58-11-13,TMCYZ37245,2,603756,82015,93618,3,576,No
tincidunt.pede@maurisrhoncus.org,Cruz,Fletcher,54-05-24,MTKZB53877,4,705789,50175,26811,10,799,Yes
ad.litora.torquent@risusatfringilla.com,Germaine,Simmons,98-05-31,DZAJV66289,5,694864,72507,98361,7,862,No
euismod.urna@Donec.co.uk,Channing,Ballard,66-06-03,PTRHN38917,4,597855,47510,62282,10,248,No
ipsum.Suspendisse.sagittis@quamvel.ca,Ifeoma,Dejesus,91-12-21,QTMFK11678,3,743549,35209,42922,10,685,Yes
nec.ligula@maurisa.net,Sophia,Osborne,73-04-28,NQSDZ35992,3,507583,26390,17697,8,996,Yes
et.commodo@consectetuermaurisid.edu,Edward,Miller,82-10-22,ZJQRC21792,4,520851,38389,82012,3,802,No
tortor.dictum@aliquetProin.net,Thor,Hebert,73-09-01,SAVZQ98798,4,968468,11340,40892,5,892,Yes
tincidunt.pede.ac@Morbi.com,Guinevere,Baker,58-03-06,BOLHS50993,3,833420,25702,61033,8,125,No
lacinia.vitae@nibhPhasellusnulla.net,Blaine,Hughes,53-07-20,UZUTM49716,4,486752,34944,87918,5,287,No
non@seddui.com,Brendan,Valdez,74-09-25,MFIOG93170,1,176130,22557,88315,4,381,Yes
lorem.Donec@elitpharetra.edu,Darius,Dale,93-04-23,PDTJG73188,5,860090,30466,38678,5,782,Yes
ut.ipsum.ac@facilisis.net,Talon,Cunningham,64-01-01,IEUZG00660,3,479027,44376,15446,4,854,No
elit.elit@Utsagittislobortis.co.uk,Lane,Mullins,94-04-13,IDWQY16242,2,239366,32485,87457,5,921,Yes
turpis.egestas.Fusce@nisi.org,Chester,Leonard,74-09-06,SHRPQ04314,3,901547,21152,48679,6,403,No
facilisis.magna.tellus@at.ca,Hedwig,Watts,95-06-03,AOMIO97891,1,341920,34073,99996,6,790,No
a.auctor.non@inlobortis.edu,Judith,Mccall,54-06-09,JMBTR93348,1,930830,97934,96132,10,312,Yes
dictum@sitametmetus.co.uk,Quin,Thornton,53-11-27,XDVPA76684,2,532342,41226,42696,10,310,Yes
nisi.dictum@Proin.ca,Imani,Stephens,92-09-26,WPXXR03492,4,153456,52271,52183,9,590,No
nulla.ante@ametdiam.net,Meghan,Robles,52-09-05,NXSHV18816,4,479353,92545,22034,3,326,Yes
libero@atortor.net,Alika,Chavez,71-05-02,JSBGG00242,3,341996,96520,45115,3,252,No
augue.malesuada@urna.com,Addison,Grimes,81-11-11,DBEQA15969,2,341647,31694,80516,9,142,Yes
tortor@molestie.ca,Cora,Boyle,99-10-30,QDRLA75985,2,892946,45244,81322,4,887,No
rutrum.lorem@purusgravidasagittis.edu,Macey,Wells,78-12-07,MJRED47964,1,735085,16618,45361,6,575,No
Nullam.vitae@tempusrisusDonec.co.uk,Clio,Gates,77-06-02,VCMOZ59075,2,355519,40088,35495,4,632,No
dolor.elit.pellentesque@nislsemconsequat.com,Serena,Howe,62-02-07,XODRU45986,1,571066,97413,17865,9,280,Yes
Nulla@ullamcorper.org,Price,Hill,59-12-18,OEJLK61668,1,969936,50484,28162,8,272,Yes
in.hendrerit@felisadipiscingfringilla.ca,Caldwell,Mcclain,63-11-19,GICUN91332,3,231244,66991,85714,7,444,No
et@mollis.ca,India,Kaufman,82-06-07,EZWZH52900,1,522674,67968,50268,6,191,Yes
Integer.eu.lacus@Quisquepurus.co.uk,Barry,Glass,90-05-17,MPGWY64416,3,472037,50364,47145,4,639,No
magna@auguescelerisque.ca,Damon,Wilder,91-05-20,NAYSZ39970,3,121544,72029,53341,10,648,No
vitae.erat@vestibulumnec.ca,Madeline,Kent,65-08-10,AQCFW55452,2,691165,48851,69875,7,176,Yes
torquent@liberoet.net,Lewis,Gray,51-08-12,KKTXK40212,2,245513,43687,66724,5,417,Yes
consequat@infelisNulla.com,Phelan,Sanders,58-08-19,QKUTR97017,2,166854,43737,61135,3,383,No
dictum.mi@id.org,Iris,Mcdowell,91-08-28,OAHWL19592,2,457190,44621,61486,3,828,Yes
ultrices@adlitora.org,Nash,Barber,82-06-27,EXJBJ67668,4,707970,63522,80866,9,292,No
interdum.Curabitur.dictum@facilisisvitaeorci.net,Joelle,Battle,66-03-05,CNWWP45759,3,520819,65432,97592,9,705,No
ac@eu.net,Janna,Klein,89-05-07,RZPBM11441,1,598757,87640,33243,4,700,Yes
enim.sit@malesuada.org,Leilani,Randolph,90-10-27,XHONY40120,4,705385,38562,15941,10,334,No
Donec.fringilla.Donec@Sedpharetrafelis.edu,Keiko,Hoover,96-09-19,MIUXN66299,1,371381,69065,34841,10,529,Yes
sem.Pellentesque.ut@scelerisque.org,Abdul,Fleming,78-01-04,XKWMV64929,1,576871,29429,48350,6,356,No
ac@pretiumetrutrum.net,Barry,Booth,75-12-11,ZTVUC18849,4,238614,62055,89480,6,392,No
libero@sit.edu,Ila,Adams,55-07-12,TCZSN10255,5,963699,50026,44498,9,861,Yes
massa@laciniaorci.net,Samson,Galloway,61-08-02,ABEFS70072,2,629723,94171,23782,4,277,Yes
neque@nascetur.net,Karen,Roberson,52-10-14,HTBKW59893,3,815945,58385,89579,4,224,No
convallis.ante@egestaslacinia.ca,Cameran,Cline,52-12-14,YRMHN04887,3,415744,32961,88481,10,787,No
Duis.at.lacus@liberonecligula.ca,Zenaida,Sharpe,52-07-01,CYOZY21122,5,811978,26631,12799,9,455,Yes
tincidunt.Donec@nec.ca,Shaeleigh,Tate,78-01-11,YYCWI61134,1,993971,25123,48595,6,706,Yes
tempus@fringillacursus.net,Uriel,Hayes,89-06-07,VDUBS40879,1,640520,76046,94587,7,858,Yes
Pellentesque@consectetuermaurisid.com,Zachery,Sandoval,55-03-28,HEBMG41174,3,560447,39397,55504,7,602,No
fermentum.arcu.Vestibulum@pharetraut.com,Cairo,Perez,92-11-04,BYLGE67370,2,277993,93078,12038,4,873,No
diam@urnaNunc.co.uk,Brittany,Dunn,75-09-13,IIMEE06901,3,680089,72237,93468,7,664,No
diam@diam.edu,Hanna,Mccray,93-03-04,SWDSK27374,5,236590,79429,26579,7,252,Yes
lacinia.Sed@cubilia.org,Rhoda,Marsh,94-09-27,FZUTL82968,3,990446,15653,16346,7,294,No
ullamcorper.eu.euismod@at.co.uk,Wing,Ross,98-10-17,IZWXS98373,1,204282,44981,57233,3,546,Yes
congue@ligula.edu,Nathaniel,Green,93-01-23,GZHOF49041,1,215522,61745,77814,9,556,No
mi@neque.org,Nayda,Fuentes,69-02-26,GBFLN71320,1,559503,44034,93427,4,785,No
augue@nequetellusimperdiet.net,Igor,Crosby,69-09-17,PDRXK42424,5,292786,57383,15533,8,191,No
velit@maurisSuspendisse.edu,Xanthus,Contreras,50-12-02,DADBP86653,3,149387,96060,39452,5,862,Yes
sit.amet.massa@eleifendCrassed.edu,Michelle,Chen,63-11-03,BYQDI88906,1,404814,27965,72923,5,725,No
molestie@Nullafacilisis.ca,Chandler,Gardner,69-12-27,AZODV62924,1,262910,36867,67151,8,333,No
erat.Etiam@enimNuncut.edu,Claire,Merrill,87-01-21,OQVDK28460,2,647838,81989,74709,7,799,Yes
ligula.Nullam@vestibulum.co.uk,Thaddeus,Larsen,50-04-24,PEGUX49870,5,278317,97143,89551,10,151,No
felis.Nulla@volutpat.net,Jenna,Lloyd,55-08-21,JZGBW23681,4,165481,46202,68247,8,336,No
pellentesque.tellus.sem@velitegetlaoreet.net,Jenette,Schwartz,50-08-03,EPSAL96806,4,720820,88621,76973,6,124,No
Donec.est.Nunc@rutrum.edu,Jakeem,Holden,66-12-30,DCPQK30973,3,841857,18431,79294,9,544,Yes
luctus.aliquet.odio@tinciduntvehicula.net,Britanney,Payne,73-05-19,XLCPV24891,3,940091,21852,82081,4,915,No
Nulla@Praesent.net,Jemima,Malone,86-06-12,OSEFX70091,3,842082,88354,94016,10,611,Yes
porttitor.interdum.Sed@est.edu,Luke,Douglas,92-01-06,FVIQV85298,1,987478,21352,67129,8,514,Yes
eu@ultrices.edu,Stephen,Henderson,84-05-11,QWLDK61530,1,537588,55311,87579,3,283,Yes
Proin.mi.Aliquam@Sednec.net,Nora,Walters,89-09-28,SZIYU55362,4,124603,54818,70746,6,514,No
et.rutrum@consequatnec.net,Macaulay,Sargent,60-04-29,DECLG01323,5,654086,37921,21079,6,118,No
Maecenas@bibendumsed.com,Jasper,Perkins,82-03-03,TDGOL04405,5,419344,78224,34015,10,365,Yes
mauris.rhoncus@acrisusMorbi.ca,Lydia,Willis,90-07-05,DBHSS43924,3,974435,92309,62798,7,832,Yes
lacinia.orci.consectetuer@volutpatNulla.co.uk,Aphrodite,Lucas,75-10-22,VMESJ95282,2,177633,76671,54001,6,802,No
commodo.hendrerit@utlacus.edu,Quentin,King,51-10-25,QRIEG94281,3,133565,13997,84986,9,362,Yes
fames.ac@enim.net,Alyssa,Whitfield,50-04-22,OOPXY48257,1,447317,78987,43919,6,609,Yes
Nam.nulla@dictumultriciesligula.com,Alan,Gordon,54-04-11,KLNIM48426,4,868728,24629,31615,6,406,No
massa.Quisque.porttitor@tellussemmollis.ca,Miranda,Glover,64-04-25,ZMBPX21514,1,604371,63281,70899,3,178,Yes
lacus@lectus.edu,Edward,Coffey,57-06-05,PZCUA40003,5,906131,25591,53251,10,130,No
eu.nibh@VivamusrhoncusDonec.org,Elaine,Price,63-08-14,BKGBJ16340,5,325604,75238,18531,5,310,Yes
feugiat.nec.diam@temporaugueac.org,Ashely,Mooney,98-10-22,YWPSZ15003,1,625973,15160,20606,8,753,No
rutrum.magna@Nuncac.net,Matthew,Robinson,76-03-12,WZDNJ36851,4,466562,97532,36840,8,244,Yes
scelerisque@montesnascetur.org,Alexis,Ballard,66-07-13,KIRLL98345,1,717246,58379,66729,6,483,No
Lorem.ipsum.dolor@neceuismod.net,Rama,Luna,97-08-21,FDDCK53631,4,390352,47322,81838,6,600,Yes
sagittis@tempusscelerisque.ca,Ishmael,Mathews,66-07-20,NRNMR43728,4,151280,68896,77543,9,786,Yes
non.quam@ornare.net,Audrey,Maxwell,54-11-25,EINQT44966,3,802383,19165,43154,10,640,No
sagittis@consequat.net,Alexander,Middleton,53-03-10,YRRZD19856,2,988613,48129,18130,9,329,No
mauris.sapien.cursus@luctusipsum.co.uk,Kylee,Morin,81-09-06,QLABB85161,3,650343,29056,45117,10,426,Yes
Suspendisse.sagittis@auctor.ca,Colleen,Prince,93-12-11,DQVGC34079,2,126113,79168,85481,3,311,No
dapibus.quam.quis@nislQuisque.net,Kimberly,Tyson,52-01-31,YHRYQ45598,3,319000,80142,67016,3,171,No
justo.nec@auctor.edu,Curran,Miles,96-05-13,HLNAX56046,4,685184,55754,82367,9,503,No
neque.pellentesque.massa@justo.co.uk,Destiny,Hopper,83-04-26,CZIZA23537,3,555416,67920,34681,4,556,No
dui.Cras@eget.net,Ray,Benjamin,66-08-04,EPFKN19913,2,843225,34146,37915,9,313,No
arcu.eu@liberoProinsed.com,Christian,Rice,98-09-03,VUFQA59531,2,918823,13348,63059,9,698,No
convallis.convallis.dolor@etrutrumnon.net,Uriah,Johnston,97-12-28,BNWFJ53996,4,306388,52280,27590,9,478,No
Sed.malesuada.augue@Integerin.edu,Cameron,Jacobs,50-06-23,CRVJV09436,4,389872,69080,86876,9,304,Yes
leo@nulla.co.uk,Aquila,Patrick,88-09-14,IRZVT89926,2,875424,43210,24073,5,319,No
iaculis.odio.Nam@montesnascetur.edu,Keegan,Day,50-02-23,UGAYD56661,3,715386,55653,70170,3,411,No
tincidunt@etmagnisdis.ca,Erasmus,Stephenson,77-05-30,YFFWY49624,5,885411,79276,93498,8,706,Yes
eleifend@auctor.ca,Simone,Burch,76-02-10,DWRPX11506,4,561557,83898,35337,7,539,No
rutrum@Loremipsum.edu,Xyla,Dickson,81-08-17,SMEBL26238,3,519684,70194,99022,6,100,Yes
aliquam.adipiscing@necmetusfacilisis.org,Adrian,Barker,52-10-16,MMUZF47218,1,685727,18462,69907,4,727,Yes
mi@Vestibulumaccumsan.ca,Steven,David,92-10-17,REPNB36513,2,192524,91019,73161,4,759,No
vitae.orci@orci.ca,Sydney,Delaney,55-05-17,CROGD54075,5,109269,48700,72474,8,167,Yes
tellus@Praesenteu.net,Tamara,Vang,54-10-12,OHQFX36640,5,117904,42867,63100,8,453,Yes
Suspendisse.eleifend.Cras@Fuscedolorquam.ca,Oren,Alford,74-03-15,ZJMOI22029,2,793852,74552,55492,7,663,No
tristique@Nuncmauris.ca,Dorian,Glenn,76-04-27,FQFWP06738,3,294992,31413,14513,10,888,No
nostra.per@rhoncusProin.co.uk,Ora,Kaufman,65-05-14,HFNXR24499,1,364827,37190,85956,5,912,Yes
hendrerit.consectetuer.cursus@ut.org,Wylie,Castillo,74-12-14,QHIDF20118,1,956628,40386,91295,6,111,No
dignissim.Maecenas@vitaealiquet.com,Samuel,Paul,97-04-21,JBIKT63544,5,913794,22378,36059,4,115,No
at@Donec.org,Bruno,Evans,52-09-30,YAGXV89690,5,339823,69403,30133,10,817,Yes
sem.semper@maurisutmi.ca,Mona,Burgess,75-01-19,XRTIT42280,3,418285,26526,82443,9,767,No
fringilla@Sedauctorodio.com,Patrick,Leonard,64-01-08,RREUR99672,1,437405,92501,78334,4,452,No
bibendum.Donec@pellentesquemassalobortis.org,Russell,Mcclure,74-05-08,GBEEP74153,3,944611,47218,39147,4,491,No
dui.nec@nisinibh.edu,Paloma,Collier,62-06-21,WZQCY25219,4,872653,28743,30622,7,741,Yes
suscipit.est.ac@tristiqueneque.org,Hilda,Callahan,77-06-16,BOQIO95128,1,733689,20864,59238,10,201,No
nunc.interdum@aaliquet.com,Scarlett,Chan,91-08-21,WDRTI25025,4,140859,69817,65140,6,690,No
molestie@enimsit.co.uk,Timon,Odonnell,79-02-22,WLKLU86826,1,222532,80546,11897,4,962,Yes
eu.eleifend.nec@Namacnulla.org,Jackson,Bauer,94-12-13,YIXDI91683,2,611040,35398,32507,7,645,Yes
mollis.lectus@Quisque.net,Chester,Gamble,66-05-30,CQVPT36008,2,942493,96821,56810,6,652,Yes
neque@pedeetrisus.net,Claire,Cannon,50-08-08,QBRKV96772,3,903788,80494,55825,8,550,Yes
sem.ut@sapiengravidanon.com,Amal,Tran,67-02-19,SXHCN36255,5,640598,95658,83724,3,551,No
pretium.aliquet@viverraDonec.com,Tatum,Gaines,75-11-11,RJKGK26944,2,200782,60519,82380,7,481,No
Aliquam.ultrices@nulla.ca,Cooper,Levy,97-10-04,KNKFG00448,1,548515,31277,20914,8,128,Yes
dui@lacus.co.uk,Juliet,Maxwell,61-01-28,COVKK33960,5,233971,49280,50196,3,455,Yes
diam.vel.arcu@sed.net,Carson,Gentry,91-02-26,BAIQH28776,5,127451,64358,96018,9,689,Yes
Quisque.imperdiet.erat@DonectinciduntDonec.ca,Daria,Taylor,62-12-19,FPGWC16583,2,945892,73440,22473,6,880,Yes
magna.Ut.tincidunt@ridiculusmusDonec.org,Xerxes,Maynard,52-12-27,RAHZF95179,3,947763,11487,39662,10,966,Yes
risus@quamPellentesque.co.uk,Miriam,Matthews,55-02-06,MPJUI23620,1,242308,87771,74572,6,746,No
nisl.Quisque@rutrum.ca,Gail,Mclaughlin,87-02-24,ZXDFU86095,3,120984,46417,72556,4,790,No
tellus.id@dignissim.com,Devin,Manning,89-09-06,LHNWS13969,4,819485,61213,38498,3,137,No
elit.pellentesque.a@convalliserat.org,Carl,Santos,63-12-14,NNUFY61418,4,380104,69516,20698,3,129,No
commodo.tincidunt@parturientmontes.org,Fulton,Davis,78-03-26,CYZUK34231,2,447365,41067,69084,9,965,Yes
quis.diam.Pellentesque@Phasellusin.ca,Colt,Campos,57-03-22,QRGPG90381,2,747747,27568,15635,4,597,Yes
lectus.pede.ultrices@arcuiaculis.co.uk,Jason,Bell,50-04-19,TBLZO93852,4,859146,98822,97051,9,925,No
justo.nec@ligulaAenean.org,Magee,Kennedy,87-10-21,XAQNY36441,5,429677,55872,80355,5,402,No
Donec.at.arcu@inmolestie.ca,Alfonso,Franklin,51-04-11,PHIZP18317,4,575003,41075,82968,3,210,No
enim.diam.vel@nonbibendumsed.edu,Adrienne,Sanders,59-01-01,BQQEE82934,3,839444,82533,12537,3,419,Yes
montes.nascetur.ridiculus@disparturientmontes.edu,Reese,Casey,79-02-10,QNLKR56241,5,628259,34240,82368,4,163,No